scan,vessel,status,ts,n_skel_nodes,n_path_nodes,path_arc_mm,proj_dist_start,proj_dist_end,start_click_in_mask,end_click_in_mask,union_voxels,cropped_voxels,gt_voxels,removed_frac,warnings
3,lcx,done,2026-10-06 11:58:55,296,68,36.83,1.29,0.51,True,True,8951,2703,2052,0.698,
3,lad,done,2026-10-06 11:58:59,509,71,37.43,0.36,0.36,True,True,15300,2496,2043,0.8369,
9,lad,done,2026-10-06 12:01:05,351,62,35.86,0.39,0.63,True,True,7036,1160,991,0.8351,
3,rca,done,2026-10-06 12:01:10,555,72,39.97,0.5,0.51,True,True,19634,3965,4229,0.7981,
9,rca,done,2026-10-06 12:03:15,364,64,38.82,0.5,0.75,True,True,11316,2977,2011,0.7369,
9,lcx,done,2026-10-06 12:03:20,377,61,35.1,1.07,0.75,True,True,8571,1569,985,0.8169,
14,lcx,done,2026-10-06 12:05:26,445,75,38.72,0.71,0.59,True,True,14393,3170,2073,0.7798,
14,lad,done,2026-10-06 12:07:31,576,78,41.99,1.44,0.67,True,True,25184,6226,4146,0.7528,
30,lad,done,2026-10-06 12:07:36,504,65,35.79,0.5,0.0,True,True,12778,2861,2575,0.7761,
14,rca,done,2026-10-06 12:09:42,518,72,39.52,1.05,0.71,True,True,27799,6906,4759,0.7516,
30,rca,done,2026-10-06 12:09:46,463,76,40.01,1.12,0.79,True,True,24223,6865,6014,0.7166,
30,lcx,done,2026-10-06 12:11:52,256,62,31.83,0.7,7.48,True,False,7082,2224,2209,0.686,end click вне маски (proj 7.5 мм)
41,lcx,done,2026-10-06 12:13:56,552,94,43.01,0.32,3.38,True,False,20530,4153,2489,0.7977,end click вне маски (proj 3.4 мм)
41,lad,done,2026-10-06 12:14:00,647,88,40.22,1.0,0.64,True,True,22903,5263,3164,0.7702,
42,lad,done,2026-10-06 12:16:05,484,79,39.23,0.91,5.04,True,False,11192,2230,1942,0.8008,end click вне маски (proj 5.0 мм)
41,rca,done,2026-10-06 12:18:10,755,71,39.5,0.67,0.67,True,True,40622,7488,4720,0.8157,
42,rca,done,2026-10-06 12:18:15,421,56,34.45,0.91,0.68,True,True,15214,3323,2690,0.7816,
42,lcx,done,2026-10-06 12:18:19,303,84,42.72,0.48,0.0,True,True,7761,2453,2075,0.6839,
43,lcx,done,2026-10-06 12:22:25,828,79,38.19,0.61,1.1,True,True,41582,5593,4435,0.8655,
43,lad,done,2026-10-06 12:22:30,487,83,39.74,1.49,0.61,True,True,21793,5796,4603,0.734,
45,lad,done,2026-10-06 12:24:36,345,84,44.47,0.4,1.0,True,True,15062,3740,2773,0.7517,
43,rca,done,2026-10-06 12:24:40,426,84,43.22,0.61,1.04,True,False,14570,4845,3972,0.6675,end click вне маски (proj 1.0 мм)
45,rca,done,2026-10-06 12:26:45,226,53,33.74,1.03,0.64,True,False,3085,934,955,0.6972,end click вне маски (proj 0.6 мм)
45,lcx,done,2026-10-06 12:26:50,346,72,41.75,0.94,0.94,True,True,14007,4013,3387,0.7135,
52,lcx,done,2026-10-06 12:28:55,503,66,35.43,1.0,0.5,True,True,18140,3295,3288,0.8184,
52,lad,done,2026-10-06 12:29:00,503,81,42.42,0.51,0.95,True,True,19162,4400,4035,0.7704,
63,lad,done,2026-10-06 12:31:05,587,76,39.81,0.5,0.64,True,True,20371,3220,2338,0.8419,
52,rca,done,2026-10-06 12:31:10,329,69,39.13,0.88,1.25,True,True,10975,3089,3462,0.7185,
63,rca,done,2026-10-06 12:33:14,291,70,39.6,0.59,0.64,True,True,9933,3865,2998,0.6109,
63,lcx,done,2026-10-06 12:33:18,479,75,36.72,0.32,0.0,True,True,17627,2559,2386,0.8548,
69,lcx,done,2026-10-06 12:35:23,507,77,42.72,1.24,0.7,True,True,16592,4820,5031,0.7095,
69,lad,done,2026-10-06 12:35:27,460,75,36.62,1.15,0.5,True,True,16005,3365,3659,0.7898,
80,lad,done,2026-10-06 12:37:33,632,83,38.65,0.67,0.67,True,True,15982,2655,2782,0.8339,
69,rca,done,2026-10-06 12:37:38,478,74,40.12,0.61,1.62,True,True,35009,8895,9218,0.7459,
80,rca,done,2026-10-06 12:39:44,336,91,40.6,0.81,1.25,True,False,12150,2809,3035,0.7688,end click вне маски (proj 1.3 мм)
80,lcx,done,2026-10-06 12:41:50,513,87,41.21,0.71,0.87,True,True,14141,2237,2162,0.8418,
85,lcx,done,2026-10-06 12:41:55,241,80,38.79,0.81,3.51,True,False,6740,1183,1195,0.8245,end click вне маски (proj 3.5 мм)
87,lad,done,2026-10-06 12:44:00,274,87,40.6,0.59,0.71,True,True,8180,3067,2675,0.6251,
85,lad,done,2026-10-06 12:44:05,874,84,42.24,0.5,0.32,True,True,32783,4271,2444,0.8697,
87,rca,done,2026-10-06 12:46:10,348,76,39.18,1.01,0.59,True,True,14247,4326,3348,0.6964,
85,rca,done,2026-10-06 12:46:15,466,66,38.16,1.59,0.96,True,True,23566,7720,5707,0.6724,
88,lcx,done,2026-10-06 12:48:21,475,90,42.44,0.71,0.71,True,True,17731,3183,2575,0.8205,
87,lcx,done,2026-10-06 12:50:26,475,82,40.8,0.5,0.81,True,True,15190,3518,2703,0.7684,
95,lad,done,2026-10-06 12:50:31,485,84,40.96,1.14,1.11,True,False,15879,3996,3699,0.7483,end click вне маски (proj 1.1 мм)
88,lad,done,2026-10-06 12:52:36,479,87,39.48,0.87,0.59,True,True,18214,5790,3936,0.6821,
95,rca,done,2026-10-06 12:52:40,344,66,37.47,0.7,0.76,True,True,14964,4974,4084,0.6676,
100,lcx,done,2026-10-06 12:52:44,478,75,36.67,1.38,1.19,True,True,15221,3995,3345,0.7375,
88,rca,done,2026-10-06 12:54:52,306,66,36.35,1.15,0.9,True,False,9809,3129,3162,0.681,end click вне маски (proj 0.9 мм)
102,lad,done,2026-10-06 12:54:58,457,58,35.75,0.61,0.79,True,True,14270,3263,3455,0.7713,
95,lcx,done,2026-10-06 12:57:04,329,70,38.95,0.34,0.68,True,True,10843,2708,2422,0.7503,
100,lad,done,2026-10-06 12:57:08,499,84,35.9,1.66,0.67,True,True,19509,4318,3067,0.7787,
100,rca,done,2026-10-06 12:57:11,234,73,40.38,1.08,0.96,True,True,9870,4393,4233,0.5549,
102,rca,done,2026-10-06 12:59:16,425,70,41.44,1.39,1.17,False,True,12395,3090,3532,0.7507,start click вне маски (proj 1.4 мм)
102,lcx,done,2026-10-06 13:01:22,337,63,38.94,0.0,0.0,True,True,12233,2069,1923,0.8309,
103,lcx,done,2026-10-06 13:01:25,287,75,35.36,0.64,3.39,True,False,8793,2460,2474,0.7202,end click вне маски (proj 3.4 мм)
103,lad,done,2026-10-06 13:03:30,501,83,40.01,1.35,0.71,False,True,12195,2349,2205,0.8074,start click вне маски (proj 1.3 мм)
109,lad,done,2026-10-06 13:03:35,402,81,42.27,1.3,1.13,True,True,9632,2666,2366,0.7232,
103,rca,done,2026-10-06 13:05:41,539,68,37.51,0.59,0.67,True,True,19172,5279,4913,0.7247,
109,lcx,done,2026-10-06 13:07:47,238,21,10.48,0.51,16.98,True,False,6003,280,831,0.9534,end click вне маски (proj 17.0 мм)
109,rca,done,2026-10-06 13:07:53,361,73,40.45,0.95,0.95,True,True,11409,2979,2270,0.7389,
112,lad,done,2026-10-06 13:09:58,572,107,43.94,1.18,0.31,True,True,18673,4373,3667,0.7658,
112,lcx,done,2026-10-06 13:12:03,512,84,37.06,0.98,0.66,True,True,16189,3459,2814,0.7863,
112,rca,done,2026-10-06 13:12:07,465,87,44.1,1.05,0.59,True,True,18117,6471,5163,0.6428,
114,lad,done,2026-10-06 13:14:12,336,71,41.1,0.73,0.63,True,True,10989,2899,1908,0.7362,
114,rca,done,2026-10-06 13:16:17,306,72,40.22,0.54,0.38,True,True,3930,1078,1096,0.7257,
114,lcx,done,2026-10-06 13:16:22,534,75,42.58,0.63,1.51,True,False,20840,4936,3778,0.7631,end click вне маски (proj 1.5 мм)
124,lad,done,2026-10-06 13:18:27,280,76,36.98,0.59,0.59,True,True,7000,2120,1255,0.6971,
124,lcx,done,2026-10-06 13:18:32,423,88,40.77,0.5,0.64,True,True,11845,2839,1635,0.7603,
124,rca,done,2026-10-06 13:18:36,388,67,36.14,0.67,0.32,True,True,11151,3144,1447,0.7181,
125,lad,done,2026-10-06 13:20:42,407,69,35.69,1.83,0.95,True,True,16309,3763,3743,0.7693,
125,lcx,done,2026-10-06 13:20:47,488,62,30.19,1.23,7.47,True,False,17763,3275,3659,0.8156,end click вне маски (proj 7.5 мм)
125,rca,done,2026-10-06 13:22:52,606,75,35.56,1.14,1.3,True,True,27700,4269,3418,0.8459,
129,lad,done,2026-10-06 13:24:58,534,73,39.12,1.87,0.75,True,True,19077,4203,3922,0.7797,
129,lcx,done,2026-10-06 13:27:05,465,61,35.27,0.97,4.52,True,False,17836,3893,3708,0.7817,end click вне маски (proj 4.5 мм)
129,rca,done,2026-10-06 13:27:10,290,71,40.1,1.68,1.9,False,True,17622,5855,5339,0.6677,start click вне маски (proj 1.7 мм)
138,lad,done,2026-10-06 13:29:17,411,78,44.5,1.0,0.81,True,True,11713,3244,3465,0.723,
138,lcx,done,2026-10-06 13:29:22,413,57,33.63,1.03,6.88,True,False,11475,1880,1663,0.8362,end click вне маски (proj 6.9 мм)
138,rca,done,2026-10-06 13:31:28,267,65,39.57,1.25,0.76,True,True,8645,2250,2680,0.7397,
139,lad,done,2026-10-06 13:31:32,358,69,37.8,0.54,0.63,True,True,7200,1725,1308,0.7604,
139,lcx,done,2026-10-06 13:33:40,130,62,37.13,0.54,0.38,True,True,3231,808,906,0.7499,
139,rca,done,2026-10-06 13:33:45,314,78,43.63,0.38,0.54,True,True,9994,3083,2360,0.6915,
148,lad,done,2026-10-06 13:35:51,474,82,42.99,0.73,0.84,True,True,10101,1771,1730,0.8247,
148,lcx,done,2026-10-06 13:35:56,463,77,42.76,1.18,0.38,True,True,9891,1855,1947,0.8125,
148,rca,done,2026-10-06 13:38:01,323,80,45.52,0.38,0.73,True,True,10151,2688,3026,0.7352,
151,lad,done,2026-10-06 13:40:08,509,69,39.82,1.08,1.33,True,True,22970,4360,4652,0.8102,
151,lcx,done,2026-10-06 13:42:15,489,72,41.96,1.33,1.64,True,True,21754,4333,4505,0.8008,
151,rca,done,2026-10-06 13:42:20,345,71,41.63,0.65,1.79,True,False,12085,4550,5208,0.6235,end click вне маски (proj 1.8 мм)
173,lad,done,2026-10-06 13:44:27,403,85,40.8,0.45,0.87,True,True,12661,2759,1859,0.7821,
173,lcx,done,2026-10-06 13:46:37,530,84,39.06,0.45,0.45,True,True,18030,2299,1792,0.8725,
173,rca,done,2026-10-06 13:48:47,410,69,38.28,0.67,0.32,True,True,14064,3598,1899,0.7442,
175,lad,done,2026-10-06 13:50:53,483,92,43.53,0.67,0.32,True,True,12219,2031,1947,0.8338,
175,lcx,done,2026-10-06 13:52:58,229,75,40.2,1.15,0.32,False,True,5724,2021,2113,0.6469,start click вне маски (proj 1.1 мм)
175,rca,done,2026-10-06 13:53:01,309,86,41.91,0.45,0.81,True,True,9488,3195,3258,0.6633,
196,lad,done,2026-10-06 13:55:07,497,87,37.09,0.59,1.52,True,True,20765,4230,2955,0.7963,
196,lcx,done,2026-10-06 13:55:12,452,80,39.88,0.59,1.15,True,True,19670,4631,3656,0.7646,
196,rca,done,2026-10-06 13:57:18,403,72,41.08,0.87,0.59,True,True,10348,3197,2626,0.6911,
211,lad,done,2026-10-06 13:59:24,373,81,39.68,0.0,0.6,True,True,15054,3920,3215,0.7396,
211,lcx,done,2026-10-06 13:59:29,287,33,16.61,0.84,17.47,True,False,15712,1242,2269,0.921,end click вне маски (proj 17.5 мм)
211,rca,done,2026-10-06 14:01:35,456,69,36.25,0.68,0.48,True,True,16503,4285,3370,0.7404,
218,lad,done,2026-10-06 14:01:40,286,72,34.6,0.61,0.5,True,True,8037,3255,2461,0.595,
218,lcx,done,2026-10-06 14:03:46,296,82,42.52,0.7,1.34,True,True,7925,3565,3616,0.5502,
218,rca,done,2026-10-06 14:03:51,361,69,37.38,1.09,0.7,True,True,11151,3051,3903,0.7264,
244,lad,done,2026-10-06 14:05:57,416,74,40.38,1.02,0.64,True,True,11950,3076,3344,0.7426,
244,lcx,done,2026-10-06 14:06:01,256,71,40.08,1.19,0.5,True,True,7253,1830,1903,0.7477,
251,lad,done,2026-10-06 14:08:06,510,91,41.84,0.81,0.59,True,True,13549,3444,2880,0.7458,
244,rca,done,2026-10-06 14:10:12,574,69,41.41,1.51,1.02,True,True,19859,3721,4430,0.8126,
251,rca,done,2026-10-06 14:10:15,315,71,40.63,1.0,0.96,True,True,11431,4501,3795,0.6062,
251,lcx,done,2026-10-06 14:12:20,377,74,39.81,0.9,0.81,True,True,11295,2155,2197,0.8092,
252,lcx,done,2026-10-06 14:12:24,423,96,43.06,0.0,1.86,True,False,11566,2832,2501,0.7551,end click вне маски (proj 1.9 мм)
252,lad,done,2026-10-06 14:14:29,392,89,45.62,1.22,0.86,True,True,12492,4242,4614,0.6604,
265,lad,done,2026-10-06 14:14:33,279,82,40.15,0.9,0.33,True,True,7976,2524,2410,0.6836,
252,rca,done,2026-10-06 14:14:36,324,72,40.45,0.71,0.35,True,True,12729,4385,4091,0.6555,
265,rca,done,2026-10-06 14:16:41,444,76,38.38,0.5,0.33,True,True,10579,2797,2691,0.7356,
265,lcx,done,2026-10-06 14:16:45,401,73,35.23,0.83,5.93,True,False,10252,1909,1878,0.8138,end click вне маски (proj 5.9 мм)
271,lcx,done,2026-10-06 14:20:50,489,66,37.7,0.96,0.67,True,True,14741,3045,2189,0.7934,
271,lad,done,2026-10-06 14:20:54,442,72,35.95,0.45,0.0,True,True,12827,3416,2585,0.7337,
271,rca,done,2026-10-06 14:22:59,435,75,41.25,0.32,0.81,True,True,13331,4034,2683,0.6974,
272,lad,done,2026-10-06 14:23:02,667,82,39.98,1.48,0.7,True,True,21711,3390,3463,0.8439,
272,rca,done,2026-10-06 14:25:07,515,79,41.04,0.61,0.7,True,True,22494,5704,6214,0.7464,
272,lcx,done,2026-10-06 14:25:10,497,42,22.37,0.61,12.3,True,False,17968,853,1401,0.9525,end click вне маски (proj 12.3 мм)
