scan,vessel,status,ts,steps_f,steps_b,seqseg_s,eval_s,total_s,config,dice,cl_dice,precision,recall,f1,hd,hd95,assd,chamfer,boundary_f1@0.12,boundary_precision@0.12,boundary_recall@0.12,b0_pred,b1_pred,b2_pred,b0_gt,b1_gt,b2_gt,b0_err,b1_err,b2_err,centerline_md,centerline_hd95,coverage@1.0mm,radius_mae,radius_rmse,radius_bias,pred_voxels,gt_voxels
3,lcx,done,2026-10-06 11:58:55,,,,,,crop_all,0.8311251314405889,0.9841269841269841,0.731039585645579,0.9629629629629629,0.8311251314405889,1.8745533729132362,0.8079542496825411,0.12281635967714873,0.1926754683726089,0.7028443722064202,0.5610687022900763,0.9404973357015985,1,0,0,1,0,0,0,0,0,0.34215151475145045,0.8076773626124607,0.9710144927536232,0.14817351500222456,0.21399975536207658,-0.10245944304022406,2703,2052
3,lad,done,2026-10-06 11:58:59,,,,,,crop_all,0.7975324961445253,0.851190476190476,0.7251602564102564,0.8859520313264807,0.7975324961445253,2.367040044138806,1.5282613124842497,0.17213504878100755,0.21497759157218277,0.7454829244454368,0.661041819515774,0.8546562228024369,1,0,0,1,0,0,0,0,0,0.5414020047516979,1.5358045284681687,0.9,0.27371093736069024,0.40116580169182375,-0.26196134081199735,2496,2043
9,lad,done,2026-10-06 12:01:05,,,,,,crop_all,0.8340306834030683,0.9655172413793104,0.7732758620689655,0.905146316851665,0.8340306834030683,1.640550593550836,0.6344981407577173,0.10279161577925022,0.14670379942390965,0.7824396741684754,0.7148387096774194,0.8641618497109826,1,0,0,1,0,0,0,0,0,0.35001397939605916,0.6665801150429318,1.0,0.18733347617775445,0.22243665083606348,-0.12622552464782902,1160,991
3,rca,done,2026-10-06 12:01:10,,,,,,crop_all,0.8952892360263608,1.0,0.9250945775535939,0.867344525892646,0.8952892360263608,1.612465271095251,0.361328125,0.09325315261114872,0.1606962367498128,0.7510104102878139,0.84,0.6790697674418604,1,0,0,1,0,0,0,0,0,0.2880948139336799,1.1569682042398677,0.9315068493150684,0.28976521256114923,0.3678914476617308,-0.28331903075142917,3965,4229
9,rca,done,2026-10-06 12:03:15,,,,,,crop_all,0.7734562951082599,0.9827586206896551,0.6479677527712462,0.9592242665340627,0.7734562951082599,1.5893013893689265,0.6344981407577173,0.17231555102143342,0.3002591665319497,0.4613844964851242,0.3052708638360176,0.9442870632672332,1,0,0,1,0,0,0,0,0,0.37275383335463486,1.1838639619442124,0.9375,0.18756336989579034,0.25565012748384414,0.008278714740566441,2977,2011
9,lcx,done,2026-10-06 12:03:20,,,,,,crop_all,0.7220046985121378,0.9649122807017544,0.5876354365838113,0.9360406091370559,0.7220046985121379,1.5893013893689265,1.0064489321992447,0.17123583344976714,0.2492109154357149,0.6138634203970517,0.4634146341463415,0.9089595375722543,1,0,0,1,0,0,0,0,0,0.34884713171671744,0.6199063763270841,0.9838709677419355,0.19395556276806106,0.23231024271008419,-0.019194640594433574,1569,985
14,lcx,done,2026-10-06 12:05:26,,,,,,crop_all,0.7652107572000763,1.0,0.632807570977918,0.9676796912686927,0.7652107572000763,1.9066121742268816,0.63671875,0.14387783942564508,0.24369147779877243,0.5091470789700668,0.34846547314578,0.9448105436573312,1,0,0,1,0,0,0,0,0,0.30009559085412263,1.132397734729482,0.9324324324324325,0.1384066623867896,0.196533483401217,0.022239509886798434,3170,2073
14,lad,done,2026-10-06 12:07:31,,,,,,crop_all,0.7618588507520246,1.0,0.6345968519113395,0.9529667149059334,0.7618588507520246,1.096679252699157,0.63671875,0.17998260985681588,0.3256276122001508,0.367123943399783,0.22869198312236286,0.9301825993555317,1,0,0,1,0,0,0,0,0,0.34197428658796036,1.0641314269597524,0.9459459459459459,0.2693014934679526,0.3904968720678913,-0.07490377727402028,6226,4146
30,lad,done,2026-10-06 12:07:36,,,,,,crop_all,0.9054451802796174,1.0,0.8601887451939881,0.9557281553398058,0.9054451802796175,1.7578125,0.6112251560646453,0.07172918183436733,0.11112534517915135,0.8349764710490863,0.7708484408992023,0.9107424960505529,1,0,0,1,0,0,0,0,0,0.23817852324460312,0.49647831825208866,1.0,0.1740869966920364,0.22749555704869906,-0.16368413528748152,2861,2575
14,rca,done,2026-10-06 12:09:42,,,,,,crop_all,0.7811401628804114,1.0,0.6597161888213148,0.9573439798276949,0.7811401628804113,2.295722101174337,0.63671875,0.19023795741692048,0.337704256935558,0.28631583279042827,0.16917778734395178,0.930793991416309,1,0,0,1,0,0,0,0,0,0.3298156368152536,1.627344824906713,0.9014084507042254,0.25033421130166283,0.3994826062227549,-0.06957664295744159,6906,4759
30,rca,done,2026-10-06 12:09:46,,,,,,crop_all,0.9249165307865518,1.0,0.8675892206846322,0.9903558363817758,0.9249165307865517,1.1117382399029458,0.3515625,0.07615076151247832,0.13564114280231193,0.7614872572564542,0.625533731853117,0.9729477611940298,1,0,0,1,0,0,0,0,0,0.21586342250498006,0.5095165625863698,0.972972972972973,0.2158634073480617,0.3399203844150113,-0.21319472272416978,6865,6014
30,lcx,done,2026-10-06 12:11:52,,,,,,crop_all,0.8504398826979472,0.8939393939393939,0.8475719424460432,0.8533272974196469,0.8504398826979471,7.330881344631251,4.99494906641077,0.3452137757462068,0.3813246060641225,0.7480681803210393,0.711849957374254,0.7881694644284573,1,0,0,1,0,0,0,0,0,0.6658668349272301,5.58551393112903,0.7901234567901234,0.17925208120555852,0.2519798506677705,-0.1461803539754655,2224,2209
41,lcx,done,2026-10-06 12:13:56,,,,,,crop_all,0.6826257151460403,0.9038527810324626,0.545870455092704,0.9108075532342306,0.6826257151460403,3.7380669511460063,1.8717363611505176,0.3102984691277728,0.4216236483699842,0.40960745850873903,0.2652671755725191,0.8985215053763441,1,0,0,1,0,0,0,0,0,0.5222042959683714,3.0817615684081687,0.8901098901098901,0.15680574111830192,0.20820890729091543,0.032236342680405906,4153,2489
41,lad,done,2026-10-06 12:14:00,,,,,,crop_all,0.7051145128752818,0.9681528662420382,0.5645069352080563,0.9390012642225032,0.7051145128752819,2.098918854473897,0.8548347520166533,0.19976775797403612,0.34557037407574565,0.39556558422446775,0.25196850393700787,0.9197080291970803,1,0,0,1,0,0,0,0,0,0.39047503772028297,1.1872903309784808,0.9186046511627907,0.27970515965222176,0.4052862429368237,-0.13401091594725978,5263,3164
42,lad,done,2026-10-06 12:16:05,,,,,,crop_all,0.7593480345158198,0.7632491924871396,0.7103139013452915,0.815653964984552,0.7593480345158198,5.604087101065447,4.497824248859977,0.6524520029781085,0.6801268876725519,0.6763369233642532,0.5983037779491134,0.7777777777777778,1,0,0,1,0,0,0,0,0,1.010791246355605,4.997565447979515,0.7631578947368421,0.11612256451128983,0.17299128228296975,-0.09751214604864875,2230,1942
41,rca,done,2026-10-06 12:18:10,,,,,,crop_all,0.7644167758846658,1.0,0.6231303418803419,0.9885593220338983,0.7644167758846658,1.0780418474500495,0.6728338452402505,0.1947785206122912,0.3644649885715571,0.22703598244851453,0.12847514743049704,0.9750677506775067,1,0,0,1,0,0,0,0,0,0.32124997137225997,0.794848504935795,0.9571428571428572,0.2316117618193128,0.3504675818807802,-0.006759259938330565,7488,4720
42,rca,done,2026-10-06 12:18:15,,,,,,crop_all,0.8864127723266256,1.0,0.8019861570869696,0.9907063197026023,0.8864127723266256,0.6045608111795392,0.33984375,0.08498041759596454,0.15192433485016632,0.6877214169245497,0.5300429184549357,0.97893850042123,1,0,0,1,0,0,0,0,0,0.27235491629371267,1.305133979350507,0.9137931034482759,0.11886707067385792,0.16499662644943858,-0.04844818272823538,3323,2690
42,lcx,done,2026-10-06 12:18:19,,,,,,crop_all,0.898851590106007,1.0,0.8295964125560538,0.980722891566265,0.8988515901060071,1.056169387178999,0.33984375,0.05894277272012624,0.09589094478129712,0.8160178220272555,0.7054208273894437,0.967741935483871,1,0,0,1,0,0,0,0,0,0.2161935881346102,0.4094390499984226,1.0,0.09265435861674688,0.12852658558398675,-0.052747085498278494,2453,2075
43,lcx,done,2026-10-06 12:22:25,,,,,,crop_all,0.8705624252094136,1.0,0.7804398355086716,0.9842164599774521,0.8705624252094137,0.8564224849081498,0.4916601837937713,0.11091867965517782,0.19765337756217644,0.6150492238123161,0.45015930814747385,0.9705567451820128,1,0,0,1,0,0,0,0,0,0.32359342333591545,1.335150107603386,0.9375,0.13951167980020193,0.28758768896593523,-0.0827915547441338,5593,4435
43,lad,done,2026-10-06 12:22:30,,,,,,crop_all,0.8614289835561112,1.0,0.7727743271221532,0.9730610471431675,0.8614289835561112,1.73828125,0.6089867553272916,0.12515934624144984,0.2077309245255445,0.6456525628100285,0.4897172236503856,0.9472868217054263,1,0,0,1,0,0,0,0,0,0.34070953762233414,1.0194162266114808,0.9367088607594937,0.23127292697269883,0.4239087920390629,-0.18147602762246148,5796,4603
45,lad,done,2026-10-06 12:24:36,,,,,,crop_all,0.8404729003531399,1.0,0.7318181818181818,0.9870176703930761,0.8404729003531399,1.5277645380236373,0.640556517871679,0.12697831360328565,0.21657511825509146,0.6595629788639542,0.49684089603676046,0.9807824296499656,1,0,0,1,0,0,0,0,0,0.34442017764295196,0.6656122543691795,0.9761904761904762,0.1083489989832911,0.17040292593470352,-0.06211399862451087,3740,2773
43,rca,done,2026-10-06 12:24:40,,,,,,crop_all,0.8392877395939662,0.9934640522875817,0.7636738906088751,0.9315206445115811,0.8392877395939663,1.4449165420454437,0.5,0.13130794906771237,0.227002832610837,0.6124887631612301,0.46068499758803666,0.9135044642857143,1,0,0,1,0,0,0,0,0,0.3094164950447079,0.6694736640448234,0.9879518072289156,0.2817847485496047,0.42096530015136474,-0.19120038147472007,4845,3972
45,rca,done,2026-10-06 12:26:45,,,,,,crop_all,0.8819481206987825,0.9904761904761905,0.8918629550321199,0.8722513089005236,0.8819481206987824,1.0,0.400390625,0.07236518382379309,0.10496846124191428,0.8289731331698625,0.8409448818897638,0.8173374613003096,1,0,0,1,0,0,0,0,0,0.3304545913202999,0.5958981829378939,0.9824561403508771,0.15603702401625186,0.18571875382669092,-0.13723129438672216,934,955
45,lcx,done,2026-10-06 12:26:50,,,,,,crop_all,0.8745945945945945,1.0,0.8063792673810117,0.9554177738411573,0.8745945945945947,1.6015625,0.5,0.11576487058312185,0.19584082189199659,0.7121239983002133,0.5779710144927537,0.9273778920308483,1,0,0,1,0,0,0,0,0,0.40245317529488306,0.8174169551077909,0.972972972972973,0.2252771344132331,0.38169626354075936,-0.20710034435196603,4013,3387
52,lcx,done,2026-10-06 12:28:55,,,,,,crop_all,0.9190338751329181,1.0,0.9180576631259484,0.9200121654501217,0.9190338751329182,1.5433642689273206,0.5,0.07071127627636786,0.11454126916536357,0.8471117131900217,0.8755129958960328,0.8204951856946355,1,0,0,1,0,0,0,0,0,0.3778529714990184,1.0915169090761991,0.9242424242424242,0.2644081042161095,0.31882159116987463,-0.2587190913722656,3295,3288
52,lad,done,2026-10-06 12:29:00,,,,,,crop_all,0.9033787788974511,1.0,0.865909090909091,0.9442379182156134,0.9033787788974512,1.6998427374410994,0.7265625,0.08613191278360868,0.14124535042515618,0.8275913657940335,0.7836287799791449,0.8767798466593647,1,0,0,1,0,0,0,0,0,0.3397864453345621,0.8902771095464719,0.9620253164556962,0.2802303060198192,0.3214671250176546,-0.24374288945632844,4400,4035
63,lad,done,2026-10-06 12:31:05,,,,,,crop_all,0.7844548398704569,0.9429333333333333,0.6770186335403726,0.932420872540633,0.784454839870457,1.8563382008980156,1.0780418474500495,0.1444433957670309,0.20841564575177213,0.6780286382454599,0.5402087170042971,0.9102564102564102,1,0,0,1,0,0,0,0,0,0.38498752763921146,1.2927278316926532,0.9066666666666666,0.13292813327258582,0.18980714931050147,-0.058088843412266264,3220,2338
52,rca,done,2026-10-06 12:31:10,,,,,,crop_all,0.9131430315982293,1.0,0.9682745224991907,0.8639514731369151,0.9131430315982293,1.0,0.36328125,0.07381198590647428,0.1304447300672718,0.7851584606248896,0.9392226148409893,0.6745152354570637,1,0,0,1,0,0,0,0,0,0.1971152015346695,0.4235298354020032,1.0,0.2548144947030246,0.27870013814420536,-0.2548144947030246,3089,3462
63,rca,done,2026-10-06 12:33:14,,,,,,crop_all,0.8658021273495556,1.0,0.76869340232859,0.9909939959973315,0.8658021273495555,0.63671875,0.318359375,0.09115514590640761,0.1646826519868611,0.6361724383143557,0.47062423500611994,0.9813886900501074,1,0,0,1,0,0,0,0,0,0.23984647834052325,1.4000607331127195,0.9154929577464789,0.09133635710554851,0.12909544846815227,-0.009381636898659331,3865,2998
63,lcx,done,2026-10-06 12:33:18,,,,,,crop_all,0.9071789686552073,1.0,0.8765142633841344,0.9400670578373848,0.9071789686552073,0.5927501089416944,0.318359375,0.057693387040375924,0.09380590101163852,0.8265653445708255,0.7717629846378932,0.889745566692367,1,0,0,1,0,0,0,0,0,0.19347333507469608,0.4708692089538581,1.0,0.17081251283752058,0.23796865991759636,-0.15595018507448036,2559,2386
69,lcx,done,2026-10-06 12:35:23,,,,,,crop_all,0.9316820627347477,1.0,0.9520746887966804,0.9121447028423773,0.9316820627347477,0.9169625469450756,0.34375,0.061081256377962016,0.10491834730727902,0.8278958917780495,0.8879396984924623,0.7754582484725051,1,0,0,1,0,0,0,0,0,0.2761121034819372,0.7200024815610704,0.9736842105263158,0.2874440983373016,0.3737189481077844,-0.28220952938938293,4820,5031
69,lad,done,2026-10-06 12:35:27,,,,,,crop_all,0.9191343963553531,1.0,0.9592867756315008,0.882208253621208,0.9191343963553531,1.03125,0.34375,0.06269267842804122,0.10354685857199479,0.8309793305873331,0.9143214509068167,0.7615615615615615,1,0,0,1,0,0,0,0,0,0.30548582589857465,0.9053145672955331,0.9473684210526315,0.33859433005233625,0.4007465467631227,-0.33859433005233625,3365,3659
80,lad,done,2026-10-06 12:37:33,,,,,,crop_all,0.9137391944086812,1.0,0.9355932203389831,0.892882818116463,0.9137391944086812,0.9004562916672442,0.318359375,0.05415258463429107,0.0840077180402874,0.8377536173771581,0.8809020436927414,0.7986348122866894,1,0,0,1,0,0,0,0,0,0.270172558513718,0.5232271627787423,0.9759036144578314,0.24509791562931635,0.2926728454295302,-0.24097163881010014,2655,2782
69,rca,done,2026-10-06 12:37:38,,,,,,crop_all,0.9353503008888644,1.0,0.9523327712197864,0.9189628986765025,0.9353503008888644,2.0293260118817775,0.4861359120657514,0.08837082391817061,0.1470462627581864,0.7848830400478857,0.8672360248447205,0.7168141592920354,1,0,0,1,0,0,0,0,0,0.2849628302783943,1.0921528560147853,0.9285714285714286,0.44046485571907884,0.490720990064823,-0.44046485571907884,8895,9218
80,rca,done,2026-10-06 12:39:44,,,,,,crop_all,0.9253935660506503,1.0,0.9626201495194019,0.8909390444810543,0.9253935660506502,0.63671875,0.318359375,0.045934211936028514,0.07829613253393189,0.8556933936702368,0.9318624269954575,0.7910353535353535,1,0,0,1,0,0,0,0,0,0.20184174294885643,0.5454285613366593,0.9888888888888889,0.20496158871248416,0.2625689621265005,-0.20496158871248416,2809,3035
80,lcx,done,2026-10-06 12:41:50,,,,,,crop_all,0.9233916799272562,1.0,0.907912382655342,0.9394079555966698,0.9233916799272562,0.5927501089416944,0.318359375,0.04258913809601297,0.0668087046221715,0.8694780554163384,0.8427480916030534,0.8979591836734694,1,0,0,1,0,0,0,0,0,0.2601281438655145,0.5014942797991453,1.0,0.14367715005618925,0.18219723931440795,-0.13486706679314292,2237,2162
85,lcx,done,2026-10-06 12:41:55,,,,,,crop_all,0.8200168208578638,1.0,0.8241758241758241,0.8158995815899581,0.8200168208578636,1.0067407394676677,0.4502281458336221,0.0858257793712126,0.11710054328133997,0.7689465708953543,0.7737704918032787,0.764182424916574,1,0,0,1,0,0,0,0,0,0.37863148793594215,2.028241046968258,0.9186046511627907,0.14703174920031578,0.18953954080581467,-0.11601560679990758,1183,1195
87,lad,done,2026-10-06 12:44:00,,,,,,crop_all,0.8874956461163358,1.0,0.8307792631235735,0.9525233644859813,0.8874956461163358,1.2275029361479968,0.4502281458336221,0.06884092216401427,0.10975251971449074,0.7979743093433226,0.7008293838862559,0.9263843648208469,1,0,0,1,0,0,0,0,0,0.2537861336178077,0.6091969100883642,0.9883720930232558,0.17294904891440943,0.25334981925543726,-0.1631069443480798,3067,2675
85,lad,done,2026-10-06 12:44:05,,,,,,crop_all,0.6921816827997022,0.9479768786127168,0.5441348630297355,0.9509001636661211,0.6921816827997022,2.098918854473897,0.8095744354916121,0.21619164566533824,0.3592376011292667,0.3116776722341891,0.18681318681318682,0.939898624185373,1,0,0,1,0,0,0,0,0,0.31862692086343025,0.6207847659668412,0.9880952380952381,0.23273485359545876,0.3279690503962532,-0.04288638976932063,4271,2444
87,rca,done,2026-10-06 12:46:10,,,,,,crop_all,0.8553557466770915,1.0,0.7586685159500693,0.9802867383512545,0.8553557466770915,1.029961908617559,0.5,0.10637761583215277,0.18998521619377137,0.6063421812554155,0.4405829596412556,0.9720558882235529,1,0,0,1,0,0,0,0,0,0.25421840219114844,0.6866389981686888,0.9594594594594594,0.14864552724835134,0.250543190940899,-0.05647157006378806,4326,3348
85,rca,done,2026-10-06 12:46:15,,,,,,crop_all,0.8445669174052283,1.0,0.7344559585492227,0.9935167338356404,0.8445669174052283,1.029961908617559,0.5927501089416944,0.14701002968518756,0.2764482018602913,0.32321137984895265,0.19340849956634865,0.982803543512246,1,0,0,1,0,0,0,0,0,0.24450997579494493,1.1586571670586083,0.921875,0.19390526244249157,0.3329028855647087,-0.03866144098716638,7720,5707
88,lcx,done,2026-10-06 12:48:21,,,,,,crop_all,0.868357068426537,1.0,0.7854225573358466,0.970873786407767,0.868357068426537,0.5927501089416944,0.4502281458336221,0.07846721874338483,0.13227894333279375,0.7321105524845944,0.5959110042092604,0.9490142760027193,1,0,0,1,0,0,0,0,0,0.2655957815362545,0.48782281330654736,0.978021978021978,0.10170697799420356,0.1404429872634823,-0.048845171968176705,3183,2575
87,lcx,done,2026-10-06 12:50:26,,,,,,crop_all,0.8551679794245298,1.0,0.7561114269471291,0.9840917499075101,0.8551679794245299,1.6684775369359235,0.5,0.09176823577810081,0.15122449879681926,0.6925184437353397,0.5371716042481833,0.974272173324306,1,0,0,1,0,0,0,0,0,0.28180308750209465,1.0661498782374577,0.9259259259259259,0.11012104153783728,0.18845530007473096,-0.0553198926254165,3518,2703
95,lad,done,2026-10-06 12:50:31,,,,,,crop_all,0.9291747888239116,1.0,0.8946446446446447,0.966477426331441,0.9291747888239116,1.0883936925938724,0.341796875,0.05334228903849122,0.0832894079418088,0.8559436577883365,0.7935244161358811,0.9290211791642816,1,0,0,1,0,0,0,0,0,0.2695734674739484,0.5902104423298138,1.0,0.2012850150429628,0.2649297957282719,-0.19471609629187694,3996,3699
88,lad,done,2026-10-06 12:52:36,,,,,,crop_all,0.7713345671396258,0.8529411764705882,0.6478411053540587,0.9529979674796748,0.7713345671396258,2.6863138109441236,1.8717363611505176,0.19747405733941686,0.28236322517054274,0.64442327977306,0.49575551782682514,0.9204484783769354,1,0,0,1,0,0,0,0,0,0.6128816318188746,1.7393157447998384,0.7415730337078652,0.2458172014437261,0.3682923405420293,-0.21528093856457084,5790,3936
95,rca,done,2026-10-06 12:52:40,,,,,,crop_all,0.8732612055641422,1.0,0.7951347004423,0.968413320274241,0.8732612055641421,1.4322799774617707,0.341796875,0.11330795081190287,0.2023102766220013,0.6056629269627859,0.444752915047196,0.9490121096239643,1,0,0,1,0,0,0,0,0,0.3008104926368675,1.1061920454912155,0.9230769230769231,0.21320426861352748,0.34937440957803084,-0.150507443751593,4974,4084
100,lcx,done,2026-10-06 12:52:44,,,,,,crop_all,0.8626702997275204,1.0,0.7924906132665832,0.9464872944693572,0.8626702997275204,1.4402598549244616,0.5,0.10005106482165134,0.16309514465054753,0.7230051839286887,0.6016713091922006,0.9056372549019608,1,0,0,1,0,0,0,0,0,0.3514394039467105,0.6209014295614457,0.9726027397260274,0.20954897895584754,0.28202127980135167,-0.18318985590554399,3995,3345
88,rca,done,2026-10-06 12:54:52,,,,,,crop_all,0.8494674932443173,1.0,0.8539469479066795,0.845034788108792,0.8494674932443171,1.6985788126872878,0.4502281458336221,0.10777755320252522,0.17643131561344225,0.7094213300314484,0.7679442508710801,0.6591865357643759,1,0,0,1,0,0,0,0,0,0.23566785767893694,0.5351039310047719,0.9848484848484849,0.24995863979217936,0.2850200683865106,-0.23163005557576982,3129,3162
102,lad,done,2026-10-06 12:54:58,,,,,,crop_all,0.9225960107174754,1.0,0.9497395035243641,0.8969609261939219,0.9225960107174753,0.859375,0.4296875,0.07807453073944269,0.13543073985507786,0.8219594199197762,0.885073580939033,0.7672473867595819,1,0,0,1,0,0,0,0,0,0.46130186751128666,1.8574321088027037,0.8596491228070176,0.4531840463257887,0.5805940641531421,-0.45161261775436007,3263,3455
95,lcx,done,2026-10-06 12:57:04,,,,,,crop_all,0.9052631578947369,1.0,0.8574593796159528,0.9587118084227911,0.9052631578947369,0.8469358978335152,0.341796875,0.06287629151900881,0.1009077644896364,0.8170398597153841,0.7338078291814947,0.9215686274509803,1,0,0,1,0,0,0,0,0,0.2658073130176799,0.7228265367548649,0.9558823529411765,0.14526332790387547,0.2186322841837309,-0.11856572297198002,2708,2422
100,lad,done,2026-10-06 12:57:08,,,,,,crop_all,0.7228165199729181,0.917248255234297,0.6181102362204725,0.870231496576459,0.7228165199729181,2.2390906449949513,1.2275029361479968,0.21077294293129334,0.30173244216957035,0.6239151277542966,0.506519558676028,0.8121452894438138,1,0,0,1,0,0,0,0,0,0.47436724182895007,0.9119458018032335,0.9753086419753086,0.29981705783117124,0.38816658125239434,-0.2423616811436812,4318,3067
100,rca,done,2026-10-06 12:57:11,,,,,,crop_all,0.8611175515882217,1.0,0.845435920783064,0.8773919206236711,0.8611175515882217,1.591796875,0.5,0.11217875851620535,0.18328213793962306,0.6998632055277247,0.6646739130434782,0.7389867841409692,1,0,0,1,0,0,0,0,0,0.27848322867899433,0.8776071481239494,0.948051948051948,0.2876415685160416,0.35635079048459123,-0.2865859327224129,4393,4233
102,rca,done,2026-10-06 12:59:16,,,,,,crop_all,0.9130172153427968,1.0,0.9783171521035599,0.8558890147225368,0.9130172153427968,1.0831236024947706,0.4296875,0.08516636809779009,0.15109325431866116,0.7817730305694303,0.9522085445329471,0.6630872483221476,1,0,0,1,0,0,0,0,0,0.30103888809237256,1.0803097270140711,0.9428571428571428,0.3796322167645389,0.45018049186014103,-0.3796322167645389,3090,3532
102,lcx,done,2026-10-06 13:01:22,,,,,,crop_all,0.8997995991983968,1.0,0.8680521991300145,0.9339573582943318,0.8997995991983969,1.7716469485075885,0.4296875,0.08419148302005645,0.1253338822944788,0.8249038450198617,0.7670863309352518,0.8921475875118259,1,0,0,1,0,0,0,0,0,0.3417505914617648,0.9895925215522632,0.9375,0.2021322391107813,0.28798555428860423,-0.19509267077234302,2069,1923
103,lcx,done,2026-10-06 13:01:25,,,,,,crop_all,0.8966355897851642,0.9733333333333333,0.8991869918699187,0.8940986257073565,0.8966355897851642,1.8065234336990779,0.318359375,0.072451715362426,0.09991620407408192,0.8344629206030796,0.8416848220769789,0.8273638968481375,1,0,0,1,0,0,0,0,0,0.31268901448164005,1.9024753163234767,0.925,0.16781114181422221,0.21314654890473667,-0.16430339458302987,2460,2474
103,lad,done,2026-10-06 13:03:30,,,,,,crop_all,0.9130434782608695,1.0,0.8850574712643678,0.9428571428571428,0.9130434782608695,1.029961908617559,0.4502281458336221,0.052399432705545326,0.07775551370384963,0.8563800791132605,0.8153846153846154,0.9017160686427457,1,0,0,1,0,0,0,0,0,0.2639042468250639,0.5044618632425969,0.9876543209876543,0.17687884153629985,0.2439630707008347,-0.16849139126274967,2349,2205
109,lad,done,2026-10-06 13:03:35,,,,,,crop_all,0.9161367249602543,1.0,0.8645911477869468,0.974218089602705,0.9161367249602543,0.7129521591593646,0.359375,0.05433510030655031,0.08931907405686425,0.8414474357437758,0.7503477051460362,0.9577248270561107,1,0,0,1,0,0,0,0,0,0.24032530179485895,0.6892211794650364,0.9753086419753086,0.16582409895813544,0.2925394423045248,-0.1503783981598309,2666,2366
103,rca,done,2026-10-06 13:05:41,,,,,,crop_all,0.9213108320251178,1.0,0.8893729873082024,0.9556279259108488,0.9213108320251178,1.3680800657879093,0.318359375,0.0685207347328616,0.11925643215981546,0.7974753281932266,0.705002578648788,0.9178690344062154,1,0,0,1,0,0,0,0,0,0.27667386104717084,0.7957544000024754,0.9696969696969697,0.2537489122001843,0.394692849074458,-0.23638418777041725,5279,4913
109,lcx,done,2026-10-06 13:07:47,,,,,,crop_all,0.44824482448244823,0.4578313253012048,0.8892857142857142,0.2996389891696751,0.4482448244824482,17.018924725966826,15.875544815402236,2.8420475472261986,2.8673777005842958,0.40902101486417225,0.863013698630137,0.26802507836990597,1,0,0,1,0,0,0,0,0,3.476317237744923,15.57684911198703,0.3181818181818182,0.22319575938618594,0.2563586104480372,-0.21745140550378234,280,831
109,rca,done,2026-10-06 13:07:53,,,,,,crop_all,0.850828729281768,1.0,0.7495803961060759,0.9837004405286344,0.850828729281768,1.0626148834949565,0.5,0.10531338083693537,0.18036057139118905,0.642382338362206,0.4792982456140351,0.9736842105263158,1,0,0,1,0,0,0,0,0,0.2712676012914864,0.6740994274223693,0.9583333333333334,0.08810215421562483,0.1397857899937157,0.01303249595724498,2979,2270
112,lad,done,2026-10-06 13:09:58,,,,,,crop_all,0.8761194029850746,1.0,0.8053967528012805,0.9604581401690755,0.8761194029850746,1.54296875,0.5,0.08106267382167354,0.1316187687797705,0.7567602496688669,0.6342830453059318,0.937856033143449,1,0,0,1,0,0,0,0,0,0.26284978325624847,0.77980193481828,0.9532710280373832,0.15147099102026712,0.22920664089213044,-0.1273137486605619,4373,3667
112,lcx,done,2026-10-06 13:12:03,,,,,,crop_all,0.8633827514745736,1.0,0.7828852269442035,0.9623312011371713,0.8633827514745736,1.3273435200853243,0.5,0.08988307319781563,0.14664219564390418,0.7180361418515269,0.5802325581395349,0.9416832339297548,1,0,0,1,0,0,0,0,0,0.252637289146991,1.3886451121927916,0.9156626506024096,0.1052865837503234,0.15910783334640669,-0.05161576119346372,3459,2814
112,rca,done,2026-10-06 13:12:07,,,,,,crop_all,0.8657383531029741,1.0,0.7782413846391594,0.9754018981212473,0.8657383531029741,1.3273435200853243,0.4364174665135723,0.10828385873664167,0.19538010151946436,0.5874899824021977,0.4223524487233152,0.9646712463199215,1,0,0,1,0,0,0,0,0,0.2286068723184126,0.5578477901786346,1.0,0.15491946492482436,0.26403816059856866,-0.074703012570527,6471,5163
114,lad,done,2026-10-06 13:14:12,,,,,,crop_all,0.7526523819429998,0.96875,0.6240082787167989,0.9481132075471698,0.7526523819429997,1.8932139427975712,1.1366089064202174,0.1759840389743943,0.260639776717328,0.6609415112395655,0.5159786950732357,0.9191836734693878,1,0,0,1,0,0,0,0,0,0.39920443234192765,0.8332939406899003,0.9594594594594594,0.16756799186826113,0.21670357445283364,-0.0957529888229417,2899,1908
114,rca,done,2026-10-06 13:16:17,,,,,,crop_all,0.8997240110395585,1.0,0.9072356215213359,0.8923357664233577,0.8997240110395585,0.5358543576179305,0.37890625,0.053920197998070955,0.08005634672979495,0.8590116984141459,0.8716302952503209,0.8467532467532467,1,0,0,1,0,0,0,0,0,0.2294553737688624,0.507233169422939,0.9859154929577465,0.1354884603604884,0.17099364229949768,-0.0973051405439346,1078,1096
114,lcx,done,2026-10-06 13:16:22,,,,,,crop_all,0.8391094789993114,0.9868421052631579,0.7406807131280388,0.9677077818951826,0.8391094789993114,2.0288936151897694,1.0693782989611593,0.1482585990295064,0.23554850605560562,0.6846604356269461,0.5373505976095617,0.9432416617905208,1,0,0,1,0,0,0,0,0,0.44848234225384453,0.9332653514819541,0.9864864864864865,0.19672717681418286,0.3350091889200369,-0.1748933878801367,4936,3778
124,lad,done,2026-10-06 13:18:27,,,,,,crop_all,0.7306666666666667,1.0,0.5816037735849057,0.9824701195219123,0.7306666666666667,0.7118732037743472,0.5,0.12672118009996877,0.21661773155812653,0.5072780545893266,0.3427230046948357,0.9757975797579758,1,0,0,1,0,0,0,0,0,0.2529457533653045,0.5248932454110966,0.9726027397260274,0.13428210541529706,0.16695650946487206,0.024836350650684944,2120,1255
124,lcx,done,2026-10-06 13:18:32,,,,,,crop_all,0.7036209208761735,0.9878048780487805,0.554420570623459,0.962691131498471,0.7036209208761735,2.0185015357207514,0.5927501089416944,0.1661368849625781,0.27214269367639854,0.43138840870316,0.27895073576455537,0.9511754068716094,1,0,0,1,0,0,0,0,0,0.3348870298870965,0.8855257187503786,0.9879518072289156,0.19047610958988576,0.22775975223238681,0.027608088199145064,2839,1635
124,rca,done,2026-10-06 13:18:36,,,,,,crop_all,0.6181659769113483,1.0,0.45133587786259544,0.9806496199032481,0.6181659769113483,1.5223616493642627,0.6728338452402505,0.21973762918414827,0.39479991045454393,0.1451984584645484,0.07845836200963524,0.9721603563474388,1,0,0,1,0,0,0,0,0,0.3344410869532346,1.1665508479065616,0.9264705882352942,0.2319792827812373,0.2633463178868953,0.17751770901905775,3144,1447
125,lad,done,2026-10-06 13:20:42,,,,,,crop_all,0.9096722621902478,1.0,0.90725484985384,0.9121025915041411,0.9096722621902479,1.8303126100446014,0.5,0.08298341086322392,0.12792378951769068,0.8198970136272418,0.8021454112038141,0.8384520884520884,1,0,0,1,0,0,0,0,0,0.33618780128682135,0.9613984270452417,0.9411764705882353,0.30498424412898817,0.45279761163310367,-0.2711669047781165,3763,3743
125,lcx,done,2026-10-06 13:20:47,,,,,,crop_all,0.9123161234496683,0.8873239436619719,0.9658015267175573,0.8644438371139656,0.9123161234496684,5.922469217486916,2.604187065001021,0.19048631881349573,0.22752789239611615,0.809757321852617,0.9235494880546075,0.7209302325581395,1,0,0,1,0,0,0,0,0,0.7064146590937207,5.951547073106674,0.7804878048780488,0.36249950390982333,0.4654042354397267,-0.36249950390982333,3275,3659
125,rca,done,2026-10-06 13:22:52,,,,,,crop_all,0.8393391440093665,1.0,0.7556804872335442,0.943826799297835,0.8393391440093665,2.187734536813014,1.2856088322581165,0.15208950043275135,0.22140404477041722,0.7333221284690596,0.6254722072315164,0.8861144945188795,1,0,0,1,0,0,0,0,0,0.4069843636283218,1.0863506128349498,0.9230769230769231,0.2327556120177578,0.2937255597764468,-0.22029730975510592,4269,3418
129,lad,done,2026-10-06 13:24:58,,,,,,crop_all,0.9161846153846154,1.0,0.8855579348084701,0.9490056093829679,0.9161846153846154,1.500825019289521,0.5,0.0735718124359582,0.12130512349246934,0.8300063097309526,0.7699018538713195,0.9002898550724637,1,0,0,1,0,0,0,0,0,0.30710248410548635,0.8136319850784625,0.9726027397260274,0.3341208244897316,0.471950949225029,-0.3312753914578003,4203,3922
129,lcx,done,2026-10-06 13:27:05,,,,,,crop_all,0.9188264702012893,0.975609756097561,0.8969946057025431,0.941747572815534,0.9188264702012894,2.6422670213676422,0.5055135900051752,0.09035376713856255,0.13258170624686882,0.8161914412948691,0.7560975609756098,0.886662492172824,1,0,0,1,0,0,0,0,0,0.5632119003339706,4.604984391535225,0.8382352941176471,0.20127237548137522,0.2913931221724102,-0.19548198207436737,3893,3708
129,rca,done,2026-10-06 13:27:10,,,,,,crop_all,0.9303198141861712,1.0,0.8893253629376601,0.9752762689642255,0.9303198141861712,1.5,0.5,0.07546513231507494,0.12781549474471865,0.8044244887943972,0.7011933174224344,0.9432989690721649,1,0,0,1,0,0,0,0,0,0.2742000021148456,0.7843041599174699,0.9577464788732394,0.25261252058628847,0.3477711701816667,-0.25127515777937287,5855,5339
138,lad,done,2026-10-06 13:29:17,,,,,,crop_all,0.9139961246087346,1.0,0.9451294697903823,0.8848484848484849,0.9139961246087346,1.372792639602812,0.404296875,0.07274888745898,0.11921406398071503,0.828549099555148,0.902316844082655,0.7659313725490197,1,0,0,1,0,0,0,0,0,0.32279795434989483,0.7243196750644133,0.975,0.31575048810800915,0.35283600430044626,-0.31575048810800915,3244,3465
138,lcx,done,2026-10-06 13:29:22,,,,,,crop_all,0.794806661021733,0.7407103264216792,0.7489361702127659,0.846662657847264,0.794806661021733,6.599722954686301,4.538096789582204,0.635620887054792,0.6629043395412688,0.7151509416106747,0.6875,0.745119305856833,1,0,0,1,0,0,0,0,0,1.3655814521699137,6.406941697520967,0.6307692307692307,0.1792903021362104,0.21467689092612396,-0.1792903021362104,1880,1663
138,rca,done,2026-10-06 13:31:28,,,,,,crop_all,0.886815415821501,1.0,0.9715555555555555,0.8156716417910448,0.886815415821501,1.2860108290908994,0.404296875,0.09331099434184333,0.15820382088522975,0.7499178314572987,0.9442508710801394,0.6219221604447974,1,0,0,1,0,0,0,0,0,0.28403727075683083,0.7383916237505864,0.9545454545454546,0.3284793010132053,0.3736827120321797,-0.3284793010132053,2250,2680
139,lad,done,2026-10-06 13:31:32,,,,,,crop_all,0.8381140784701615,1.0,0.7368115942028985,0.9717125382262997,0.8381140784701616,0.9144296805249708,0.5,0.09457974196400465,0.15051086959377868,0.7180010662875421,0.5731822474032106,0.9607390300230947,1,0,0,1,0,0,0,0,0,0.33497996014534126,0.9966918153199246,0.9420289855072463,0.16417751369451297,0.2347431179638093,-0.09172808266031991,1725,1308
139,lcx,done,2026-10-06 13:33:40,,,,,,crop_all,0.8448074679113186,1.0,0.8960396039603961,0.7991169977924945,0.8448074679113184,0.9913259054323407,0.5413786293459505,0.08169754916349455,0.11651505331720786,0.8066144912900783,0.8653846153846154,0.7553191489361702,1,0,0,1,0,0,0,0,0,0.26651212958238146,0.5152882024598677,1.0,0.1755494163398026,0.2323116740889807,-0.16130395406625245,808,906
139,rca,done,2026-10-06 13:33:45,,,,,,crop_all,0.864964174168657,1.0,0.7635420045410315,0.997457627118644,0.864964174168657,0.7369469589546456,0.5,0.09806309686888116,0.17204586646377196,0.6831028296196036,0.5200267022696929,0.9951845906902087,1,0,0,1,0,0,0,0,0,0.24398690837919218,0.7038424431597676,0.9743589743589743,0.09472652066957177,0.1297417578060135,-0.022787228627187968,3083,2360
148,lad,done,2026-10-06 13:35:51,,,,,,crop_all,0.9094544415881177,1.0,0.898927159796725,0.9202312138728324,0.9094544415881176,2.0,0.4815429687499888,0.05944925033796292,0.087868044728231,0.8640454206236556,0.8531468531468531,0.8752260397830018,1,0,0,1,0,0,0,0,0,0.2291851343167895,0.4929466675290282,1.0,0.1613822229008099,0.2118091563523259,-0.1555094646680018,1771,1730
148,lcx,done,2026-10-06 13:35:56,,,,,,crop_all,0.9305628616517623,1.0,0.9536388140161725,0.9085772984078069,0.9305628616517623,0.6261738244667095,0.376953125,0.04389865542358675,0.07172033617196932,0.8851678168170819,0.9247594050743657,0.8488271068635969,1,0,0,1,0,0,0,0,0,0.2599478554491428,0.5378553452982829,0.9605263157894737,0.18808016605295091,0.24725408333635224,-0.17761788816549556,1855,1947
148,rca,done,2026-10-06 13:38:01,,,,,,crop_all,0.9166958347917395,1.0,0.9743303571428571,0.865499008592201,0.9166958347917395,1.3078487268168013,0.376953125,0.0644021806227491,0.10877657444633508,0.824551909147919,0.9500723589001447,0.7283276450511945,1,0,0,1,0,0,0,0,0,0.23622646711425893,0.530273071863107,0.975,0.22835997291567708,0.2765143518343308,-0.22820611662877863,2688,3026
151,lad,done,2026-10-06 13:40:08,,,,,,crop_all,0.9447403462050599,1.0,0.9763761467889909,0.9150902837489252,0.9447403462050599,0.82421875,0.412109375,0.058642736491301126,0.10475167909952915,0.8534670469071494,0.9432664756446991,0.7792792792792793,1,0,0,1,0,0,0,0,0,0.33079837567813675,1.0973197699867945,0.9411764705882353,0.408994818346228,0.5003334513011729,-0.408994818346228,4360,4652
151,lcx,done,2026-10-06 13:42:15,,,,,,crop_all,0.9400316813758769,1.0,0.9586891299330718,0.9220865704772475,0.9400316813758769,1.3032042701084532,0.412109375,0.06239714280598303,0.10456252024210903,0.8632016333742016,0.9130190796857464,0.8185393258426966,1,0,0,1,0,0,0,0,0,0.2781966878455201,0.6468877206567735,0.9710144927536232,0.37064951127128626,0.4687791216532035,-0.37064951127128626,4333,4505
151,rca,done,2026-10-06 13:42:20,,,,,,crop_all,0.9237548678007789,1.0,0.9905494505494505,0.8653993855606759,0.9237548678007788,0.6479460910931485,0.412109375,0.08169620669619583,0.1517236901292311,0.7658843506856556,0.9764044943820225,0.6300424628450106,1,0,0,1,0,0,0,0,0,0.3086219476914455,1.399989369449679,0.9295774647887324,0.4110245954094512,0.4605638639868965,-0.4110245954094512,4550,5208
173,lad,done,2026-10-06 13:44:27,,,,,,crop_all,0.7960155911650065,1.0,0.6661833997825299,0.9887036040882194,0.7960155911650064,1.591796875,0.5927501089416944,0.11332255284164824,0.18544046842695397,0.625578805608121,0.45877910635619884,0.9829545454545454,1,0,0,1,0,0,0,0,0,0.23111603996074953,0.47195851873133843,1.0,0.12454569753598234,0.15974818930742662,0.04225815382695719,2759,1859
173,lcx,done,2026-10-06 13:46:37,,,,,,crop_all,0.8579809337570277,1.0,0.763375380600261,0.9793526785714286,0.8579809337570277,0.7118732037743472,0.4527167385419387,0.07078073927704351,0.11079051695534614,0.765836806147268,0.6328767123287671,0.9695222405271828,1,0,0,1,0,0,0,0,0,0.23242103008825982,0.44342171118129536,0.9879518072289156,0.09418756648766786,0.12242117477688423,-0.033496527008989564,2299,1792
173,rca,done,2026-10-06 13:48:47,,,,,,crop_all,0.6898308168091687,1.0,0.5269594219010562,0.9984202211690363,0.6898308168091687,1.0780418474500495,0.63671875,0.18528496089230712,0.33926223736649486,0.1872718889640581,0.1033396345305608,0.9971777986829727,1,0,0,1,0,0,0,0,0,0.2802345933194015,1.3949816243683044,0.9253731343283582,0.20255593723218102,0.22407944349106954,0.15944397091016338,3598,1899
175,lad,done,2026-10-06 13:50:53,,,,,,crop_all,0.9049773755656109,1.0,0.8862629246676514,0.9244992295839753,0.9049773755656109,0.8095744354916121,0.318359375,0.04831024997267748,0.07073779691415738,0.8539119662257437,0.825057295645531,0.8848580441640379,1,0,0,1,0,0,0,0,0,0.3317344017189643,0.6298731297543179,0.989010989010989,0.18675665150921697,0.24865315808537106,-0.18028343322892335,2031,1947
175,lcx,done,2026-10-06 13:52:58,,,,,,crop_all,0.9071117561683599,1.0,0.9277585353785255,0.8873639375295788,0.9071117561683599,1.2734375,0.318359375,0.05450163209498117,0.08613404667381937,0.846340843052572,0.8746781115879828,0.8197820620284996,1,0,0,1,0,0,0,0,0,0.2784893439131436,0.8997250936822158,0.9466666666666667,0.1539765496721917,0.2171731132071369,-0.13376809351059632,2021,2113
175,rca,done,2026-10-06 13:53:01,,,,,,crop_all,0.9322795598946226,1.0,0.941471048513302,0.9232658072437078,0.9322795598946226,0.869921524191667,0.318359375,0.04510564043008137,0.07330272022369781,0.8639882692470192,0.8872976338729763,0.8418722327640734,1,0,0,1,0,0,0,0,0,0.19133002960886447,0.3980249907731557,1.0,0.1688740401280853,0.19736581389190858,-0.168091489374005,3195,3258
196,lad,done,2026-10-06 13:55:07,,,,,,crop_all,0.8194850382741823,1.0,0.6959810874704492,0.9962774957698816,0.8194850382741823,1.6985788126872878,0.6728338452402505,0.11774635265243169,0.19562705898364707,0.63935360469534,0.4713936430317848,0.9932556713672593,1,0,0,1,0,0,0,0,0,0.3244867616887255,0.835175212156642,0.9534883720930233,0.11972566815925283,0.15050162570943712,-0.023166127118850143,4230,2955
196,lcx,done,2026-10-06 13:55:12,,,,,,crop_all,0.8608664172800772,1.0,0.770244007773699,0.975656455142232,0.8608664172800772,1.0,0.5,0.10213775132504181,0.17775578093050576,0.6399754085344623,0.4804270462633452,0.958186101295642,1,0,0,1,0,0,0,0,0,0.4117880490309812,1.9481057977900258,0.8902439024390244,0.1435550889925856,0.2236352404194902,-0.07816618056851529,4631,3656
196,rca,done,2026-10-06 13:57:18,,,,,,crop_all,0.8689678859694315,1.0,0.7913669064748201,0.9634424980959635,0.8689678859694315,1.1478610505871685,0.318359375,0.0897013381498746,0.1506184149767391,0.6939660885447816,0.5505154639175258,0.9385214007782101,1,0,0,1,0,0,0,0,0,0.199656174841084,0.4702812124997747,0.9722222222222222,0.117677102529352,0.18921527276705805,-0.04942014548023218,3197,2626
211,lad,done,2026-10-06 13:59:24,,,,,,crop_all,0.8765241765942536,1.0,0.797704081632653,0.9726283048211508,0.8765241765942537,1.013671875,0.5,0.09009879544486353,0.14957310831625695,0.7277600311647838,0.588048651507139,0.9545454545454546,1,0,0,1,0,0,0,0,0,0.3822001247105743,0.6742111569720598,0.9620253164556962,0.1728983834821084,0.27633378945111786,-0.1556036009544218,3920,3215
211,lcx,done,2026-10-06 13:59:29,,,,,,crop_all,0.5411563657077756,0.5391304347826087,0.7648953301127214,0.4186866460996034,0.5411563657077756,17.289856904090215,16.477182132738918,3.0408352271628787,3.0703988592195937,0.4503835199445441,0.5654205607476636,0.37424242424242427,1,0,0,1,0,0,0,0,0,3.6391066283157802,17.77253656641932,0.367816091954023,0.11613138255382957,0.21097555314524713,-0.04793399163958781,1242,2269
211,rca,done,2026-10-06 14:01:35,,,,,,crop_all,0.8548661005878511,1.0,0.7635939323220536,0.970919881305638,0.8548661005878511,1.5110928129197798,0.47784950447372154,0.11477224059837202,0.2018030094835023,0.5921541814452373,0.4271788990825688,0.9647302904564315,1,0,0,1,0,0,0,0,0,0.2753226049542983,0.5962879249245692,0.9857142857142858,0.1427860049231217,0.23651281317127085,-0.03545583578558654,4285,3370
218,lad,done,2026-10-06 14:01:40,,,,,,crop_all,0.7998600419874038,0.9166666666666666,0.7023041474654378,0.9288906948394962,0.7998600419874038,1.7993794113163406,1.0982191061341653,0.170559277371234,0.23897960236035626,0.699612960908365,0.578425294482331,0.8850405305821666,1,0,0,1,0,0,0,0,0,0.6050346386051827,1.777718462656431,0.8472222222222222,0.19907613393804294,0.2612563097186068,-0.1761625422166487,3255,2461
218,lcx,done,2026-10-06 14:03:46,,,,,,crop_all,0.9302325581395349,1.0,0.9368863955119214,0.9236725663716814,0.9302325581395349,0.9206265546755797,0.345703125,0.0510575092635868,0.08363193226895471,0.8633636390420152,0.8817762399077278,0.8457042665108124,1,0,0,1,0,0,0,0,0,0.26137054354896705,0.5322895221686264,0.963855421686747,0.22551981820767888,0.2717221692727606,-0.22551981820767888,3565,3616
218,rca,done,2026-10-06 14:03:51,,,,,,crop_all,0.8619499568593615,0.991869918699187,0.9823008849557522,0.7678708685626441,0.8619499568593615,1.6874694821459226,0.6078738772432696,0.10942963977746267,0.1843099027665192,0.6773443142509254,0.9629370629370629,0.5224063842848373,1,0,0,1,0,0,0,0,0,0.34722455389224005,1.203800986670361,0.9393939393939394,0.4427840020621314,0.5158801048950586,-0.4427840020621314,3051,3903
244,lad,done,2026-10-06 14:05:57,,,,,,crop_all,0.8838006230529595,0.993006993006993,0.9223016905071522,0.8483851674641149,0.8838006230529596,1.5859375,0.6381221353464716,0.09715444382963676,0.1498297655112473,0.8085523717121714,0.8695081967213115,0.7555831265508685,1,0,0,1,0,0,0,0,0,0.4491400568307832,1.0860084533675465,0.9210526315789473,0.46605595058891075,0.5950751095097548,-0.46605595058891075,3076,3344
244,lcx,done,2026-10-06 14:06:01,,,,,,crop_all,0.9124028931154567,1.0,0.9306010928961749,0.8949027850761955,0.9124028931154567,0.79296875,0.396484375,0.06198410058271167,0.09934676691419958,0.851529916357514,0.8846520495710201,0.8207985143918292,1,0,0,1,0,0,0,0,0,0.2907908712248086,0.9433335972848842,0.9577464788732394,0.22253547976552202,0.3310290280170674,-0.21639226018080104,1830,1903
251,lad,done,2026-10-06 14:08:06,,,,,,crop_all,0.8753953194180898,1.0,0.8037166085946573,0.9611111111111111,0.8753953194180898,1.029961908617559,0.5,0.0790208079402485,0.13357378417527002,0.7799613550139491,0.668651867893882,0.9357311320754716,1,0,0,1,0,0,0,0,0,0.29669252704631277,0.7658811550223886,0.9555555555555556,0.15080731248256465,0.20546889107658856,-0.13503009824782802,3444,2880
244,rca,done,2026-10-06 14:10:12,,,,,,crop_all,0.8951048951048951,1.0,0.9803816178446654,0.8234762979683973,0.8951048951048952,1.5,0.396484375,0.10290277107973134,0.18407326934894622,0.7094069717304412,0.9591054313099041,0.5628672150411281,1,0,0,1,0,0,0,0,0,0.2974655940982371,0.6024674999926588,0.9701492537313433,0.44698784695431426,0.5215684444219262,-0.44698784695431426,3721,4430
251,rca,done,2026-10-06 14:10:15,,,,,,crop_all,0.8748794599807136,1.0,0.8062652743834703,0.9562582345191041,0.8748794599807136,1.0780418474500495,0.4502281458336221,0.09419478311387602,0.16104693740163278,0.6908755084380025,0.5509536784741145,0.926060606060606,1,0,0,1,0,0,0,0,0,0.32585128332254776,1.1480887208869215,0.9295774647887324,0.17099736419021216,0.28345338243669527,-0.1280518722868623,4501,3795
251,lcx,done,2026-10-06 14:12:20,,,,,,crop_all,0.9025735294117647,1.0,0.9113689095127611,0.8939462903959945,0.9025735294117647,0.9004562916672442,0.318359375,0.056342952866829055,0.08693364681101647,0.8355374109681322,0.8450244698205547,0.8262610088070457,1,0,0,1,0,0,0,0,0,0.25074169948312097,0.5893218479386994,0.961038961038961,0.17271742785538188,0.22480711890888955,-0.16333707148069745,2155,2197
252,lcx,done,2026-10-06 14:12:24,,,,,,crop_all,0.8591786986686668,0.967250755287009,0.8089689265536724,0.9160335865653738,0.8591786986686667,1.453397991830266,0.7051187012216453,0.10561558298840228,0.15446431285689374,0.7833763241170731,0.7199223803363519,0.8590971272229823,1,0,0,1,0,0,0,0,0,0.30757169262202166,0.8346150690789973,0.95,0.266058365072303,0.3524748340927543,-0.17982137809941193,2832,2501
252,lad,done,2026-10-06 14:14:29,,,,,,crop_all,0.9177958446251129,1.0,0.9580386610089581,0.8807975726051148,0.917795844625113,0.9316549559956465,0.3515625,0.06875361998053008,0.11969325559288473,0.8091962213486787,0.9091375770020534,0.7290516808830908,1,0,0,1,0,0,0,0,0,0.3004687913527682,0.5767026708206534,0.9880952380952381,0.5313929347416044,0.5751853370329832,-0.5285815034249024,4242,4614
265,lad,done,2026-10-06 14:14:33,,,,,,crop_all,0.9185245237130117,1.0,0.8977812995245642,0.9402489626556016,0.9185245237130117,0.9446504654914033,0.333984375,0.04816735786697353,0.07867678494002942,0.8640754159485032,0.8207088255733148,0.9122807017543859,1,0,0,1,0,0,0,0,0,0.2918918188114332,0.7972070054194461,0.9629629629629629,0.2429682953074172,0.3454788215076122,-0.23661426130633675,2524,2410
252,rca,done,2026-10-06 14:14:36,,,,,,crop_all,0.9178857951864087,1.0,0.887115165336374,0.9508677584942556,0.9178857951864088,1.2719988038639227,0.5,0.0722173467906881,0.11798538483093779,0.8270176695150969,0.7803921568627451,0.8795686039544638,1,0,0,1,0,0,0,0,0,0.32372934422658645,0.586431293837699,0.9863013698630136,0.22664237496661166,0.293354594599682,-0.22025641844517063,4385,4091
265,rca,done,2026-10-06 14:16:41,,,,,,crop_all,0.9132653061224489,1.0,0.8959599570968895,0.9312523225566703,0.913265306122449,0.5,0.333984375,0.06093442840431444,0.09954719014619812,0.8231449293381409,0.7888243831640058,0.8605877920120573,1,0,0,1,0,0,0,0,0,0.21575949207623693,0.4035052335625576,0.9868421052631579,0.16629558155332508,0.22381921612411818,-0.1409769775572256,2797,2691
265,lcx,done,2026-10-06 14:16:45,,,,,,crop_all,0.8006337470293108,0.7899353647276084,0.7941330539549503,0.8072417465388712,0.8006337470293109,5.195201258794963,3.2064435933878714,0.38923148051106193,0.416701441832546,0.7333639616504364,0.7178387650085764,0.7495755517826825,1,0,0,1,0,0,0,0,0,0.8674047755205041,4.5155736351012985,0.7023809523809523,0.2058766898844383,0.2921789757863595,-0.1961958593575891,1909,1878
271,lcx,done,2026-10-06 14:20:50,,,,,,crop_all,0.8177302254489874,0.9921259842519685,0.7027914614121511,0.977615349474646,0.8177302254489874,1.4189879902606315,0.5927501089416944,0.10941927539150131,0.18370506388774382,0.62234669741565,0.4601889338731444,0.9609634551495017,1,0,0,1,0,0,0,0,0,0.2901045830352052,0.7398210538367247,0.9850746268656716,0.13051935194104633,0.1999337674776423,-0.07115704703051022,3045,2189
271,lad,done,2026-10-06 14:20:54,,,,,,crop_all,0.8448591901349775,1.0,0.742096018735363,0.9806576402321083,0.8448591901349776,1.2520323444125068,0.5,0.1020660271514817,0.1779501211106731,0.630548858317969,0.4678030303030303,0.9669421487603306,1,0,0,1,0,0,0,0,0,0.3215505994167255,0.8725056746639506,0.9436619718309859,0.16621603964714385,0.2718144751801461,-0.10271448644674937,3416,2585
271,rca,done,2026-10-06 14:22:59,,,,,,crop_all,0.7926157510793509,1.0,0.6598909271194844,0.9921729407379799,0.792615751079351,1.4402598549244616,0.5927501089416944,0.13407821348652676,0.24291496842803906,0.461816059665263,0.3013075611142695,0.9882783882783883,1,0,0,1,0,0,0,0,0,0.2501754368798751,0.5791227344461954,1.0,0.10398015836124236,0.15432128630567962,0.026388955383943175,4034,2683
272,lad,done,2026-10-06 14:23:02,,,,,,crop_all,0.9222238435721581,1.0,0.9321533923303835,0.9125036095870632,0.9222238435721581,1.058709057373206,0.34765625,0.06040482924742328,0.0976011053382006,0.8448171752621995,0.8722876627402356,0.8190240889437924,1,0,0,1,0,0,0,0,0,0.3809964705750045,0.8766898151635298,0.95,0.37587307926137675,0.5376109007769313,-0.3714384964767117,3390,3463
272,rca,done,2026-10-06 14:25:07,,,,,,crop_all,0.9323712032220172,1.0,0.9740532959326789,0.894110074026392,0.932371203222017,1.4449165420454437,0.34765625,0.06716865746884432,0.11492141386105059,0.8280106929462107,0.9337626494940202,0.7437754640108647,1,0,0,1,0,0,0,0,0,0.21561533330029814,0.6454546078550263,0.9615384615384616,0.346541380442579,0.4206933094159181,-0.346541380442579,5704,6214
272,lcx,done,2026-10-06 14:25:10,,,,,,crop_all,0.6929902395740906,0.7476635514018691,0.9155920281359906,0.5574589578872234,0.6929902395740906,11.844371608234239,9.549818517741,1.019172461525811,1.0595576120697228,0.5878968107829418,0.8694852941176471,0.4440789473684211,1,0,0,1,0,0,0,0,0,1.4721637782675254,10.460660657569406,0.6086956521739131,0.29501249628838927,0.3446722531835472,-0.2943638780642026,853,1401
