scan,vessel,status,n_points,rel_mse,rel_rmse,rel_bias,rel_mae,rel_p95
3,lad,done,66,0.090357,0.300595,-0.207596,0.220009,0.711452
3,lcx,done,68,0.036659,0.191465,-0.090943,0.132196,0.375461
3,rca,done,73,0.052005,0.228046,-0.178061,0.182654,0.392387
9,lad,done,61,0.070656,0.265811,-0.139829,0.223955,0.504597
9,lcx,done,62,0.087548,0.295885,-4.3e-05,0.24121,0.527396
9,rca,done,61,0.048865,0.221054,0.011153,0.162263,0.444689
14,lad,done,74,0.077366,0.278148,-0.042732,0.199813,0.643308
14,lcx,done,73,0.039095,0.197725,0.022471,0.140698,0.463731
14,rca,done,69,0.062658,0.250317,-0.03398,0.164256,0.615042
30,lad,done,64,0.036965,0.192264,-0.135455,0.145265,0.435092
30,lcx,done,62,0.05304,0.230304,-0.132171,0.161393,0.557825
30,rca,done,74,0.029964,0.173102,-0.111143,0.113017,0.381559
41,lad,done,84,0.098788,0.314306,-0.096591,0.223756,0.688517
41,lcx,done,85,0.043825,0.209344,0.021725,0.153964,0.4334
41,rca,done,69,0.055826,0.236276,-0.001769,0.158076,0.599353
42,lad,done,57,0.023339,0.152772,-0.087813,0.106315,0.269034
42,lcx,done,81,0.01641,0.1281,-0.050952,0.092769,0.192606
42,rca,done,58,0.019624,0.140085,-0.039299,0.099296,0.236122
43,lad,done,79,0.06107,0.247124,-0.104887,0.136184,0.663738
43,lcx,done,79,0.030845,0.175629,-0.049936,0.086687,0.447086
43,rca,done,82,0.082784,0.287722,-0.130719,0.196261,0.609699
45,lad,done,83,0.015903,0.126106,-0.045207,0.079688,0.249418
45,lcx,done,73,0.057842,0.240504,-0.131348,0.143905,0.624578
45,rca,done,55,0.045375,0.213013,-0.156035,0.180214,0.384987
52,lad,done,79,0.043493,0.208549,-0.156521,0.183017,0.325219
52,lcx,done,65,0.046331,0.215246,-0.172725,0.17709,0.375985
52,rca,done,67,0.037687,0.194131,-0.177901,0.177901,0.302485
63,lad,done,72,0.035091,0.187325,-0.055191,0.130366,0.437434
63,lcx,done,75,0.046356,0.215304,-0.142287,0.155835,0.476082
63,rca,done,70,0.013602,0.116628,-0.010225,0.081452,0.210616
69,lad,done,74,0.082935,0.287985,-0.239028,0.239028,0.606638
69,lcx,done,76,0.053716,0.231767,-0.174918,0.179601,0.56097
69,rca,done,70,0.05654,0.237782,-0.206589,0.206589,0.429698
80,lad,done,82,0.064912,0.254779,-0.209974,0.213725,0.444208
80,lcx,done,86,0.034203,0.184941,-0.136374,0.145643,0.292865
80,rca,done,90,0.046874,0.216505,-0.176241,0.176241,0.37979
85,lad,done,83,0.078802,0.280718,-0.019146,0.214064,0.615708
85,lcx,done,86,0.056021,0.236687,-0.14344,0.19647,0.393705
85,rca,done,64,0.041199,0.202976,-0.025199,0.121776,0.53831
87,lad,done,84,0.042882,0.207079,-0.139568,0.148829,0.433532
87,lcx,done,80,0.026504,0.162801,-0.045436,0.097387,0.316973
87,rca,done,74,0.038849,0.197101,-0.0464,0.117324,0.513647
88,lad,done,85,0.075807,0.275332,-0.161214,0.183472,0.719837
88,lcx,done,90,0.01812,0.13461,-0.047348,0.097684,0.265864
88,rca,done,66,0.053631,0.231583,-0.187629,0.202763,0.387583
95,lad,done,82,0.035868,0.18939,-0.138976,0.144141,0.425647
95,lcx,done,68,0.034171,0.184853,-0.100336,0.125418,0.398181
95,rca,done,65,0.055975,0.23659,-0.102373,0.143797,0.665693
100,lad,done,81,0.076378,0.276366,-0.167095,0.222498,0.515172
100,lcx,done,72,0.047239,0.217346,-0.140474,0.161609,0.501597
100,rca,done,74,0.068675,0.262059,-0.214213,0.214893,0.443862
102,lad,done,56,0.097811,0.312748,-0.249793,0.250872,0.692631
102,lcx,done,63,0.039064,0.197647,-0.146195,0.15181,0.350298
102,rca,done,69,0.073086,0.270344,-0.22605,0.22605,0.564683
103,lad,done,81,0.041452,0.203597,-0.15131,0.160631,0.330297
103,lcx,done,75,0.03931,0.198266,-0.148266,0.151516,0.347105
103,rca,done,66,0.058917,0.242729,-0.14797,0.160031,0.623136
109,lad,done,81,0.046888,0.216537,-0.117074,0.131884,0.613989
109,lcx,done,21,0.102892,0.320769,-0.275142,0.282015,0.566234
109,rca,done,71,0.015461,0.124342,0.011586,0.078821,0.195209
112,lad,done,106,0.030202,0.173787,-0.10275,0.122306,0.368593
112,lcx,done,82,0.016833,0.129744,-0.042609,0.090584,0.22298
112,rca,done,84,0.03356,0.183193,-0.051514,0.108357,0.506308
114,lad,done,73,0.037349,0.193259,-0.067527,0.151301,0.41901
114,lcx,done,74,0.042256,0.205562,-0.108529,0.123402,0.510824
114,rca,done,71,0.045821,0.214058,-0.121722,0.168448,0.390457
124,lad,done,71,0.045471,0.21324,0.032472,0.171948,0.37099
124,lcx,done,81,0.065949,0.256805,0.038244,0.220099,0.494796
124,rca,done,67,0.096613,0.310827,0.209444,0.274639,0.502393
125,lad,done,67,0.072192,0.268686,-0.157862,0.189599,0.664746
125,lcx,done,64,0.079747,0.282395,-0.228059,0.228059,0.595823
125,rca,done,77,0.04025,0.200625,-0.151817,0.160356,0.32709
129,lad,done,72,0.083549,0.289048,-0.203176,0.204969,0.625291
129,lcx,done,62,0.04042,0.201046,-0.131128,0.135018,0.473502
129,rca,done,70,0.03619,0.190236,-0.138791,0.139612,0.323114
138,lad,done,79,0.057679,0.240164,-0.212337,0.212337,0.367925
138,lcx,done,46,0.038769,0.196897,-0.157341,0.157341,0.416375
138,rca,done,65,0.073814,0.271688,-0.240233,0.240233,0.382187
139,lad,done,66,0.054263,0.232944,-0.088253,0.168545,0.526673
139,lcx,done,63,0.068448,0.261626,-0.19262,0.212002,0.498376
139,rca,done,78,0.013291,0.115288,-0.021139,0.080747,0.202434
148,lad,done,84,0.042246,0.205538,-0.152034,0.157884,0.338828
148,lcx,done,76,0.045893,0.214227,-0.15968,0.171018,0.350505
148,rca,done,79,0.044708,0.211443,-0.175665,0.175772,0.337713
151,lad,done,68,0.07684,0.2772,-0.220345,0.220345,0.649827
151,lcx,done,69,0.067513,0.259832,-0.204362,0.204362,0.612781
151,rca,done,71,0.060267,0.245494,-0.216979,0.216979,0.384915
173,lad,done,86,0.031327,0.176994,0.05755,0.139952,0.275059
173,lcx,done,82,0.01836,0.1355,-0.036041,0.104498,0.297487
173,rca,done,67,0.060323,0.245608,0.179265,0.22192,0.41281
175,lad,done,91,0.071701,0.26777,-0.208152,0.215231,0.560316
175,lcx,done,74,0.048306,0.219786,-0.13569,0.156972,0.519603
175,rca,done,84,0.028108,0.167655,-0.142544,0.143262,0.284191
196,lad,done,86,0.01449,0.120374,-0.015856,0.09757,0.216397
196,lcx,done,80,0.029314,0.171212,-0.057878,0.110431,0.26568
196,rca,done,71,0.034266,0.18511,-0.04888,0.114426,0.470837
211,lad,done,78,0.041296,0.203214,-0.117403,0.130808,0.47732
211,lcx,done,32,0.032551,0.18042,-0.038392,0.106277,0.420274
211,rca,done,70,0.026793,0.163686,-0.02139,0.103482,0.378528
218,lad,done,69,0.051122,0.226101,-0.151277,0.172071,0.425113
218,lcx,done,82,0.036163,0.190166,-0.16416,0.16416,0.334959
218,rca,done,64,0.109028,0.330194,-0.292047,0.292047,0.698792
244,lad,done,73,0.128092,0.357899,-0.289347,0.289347,0.687608
244,lcx,done,69,0.05674,0.238201,-0.170969,0.177876,0.56417
244,rca,done,67,0.082334,0.286939,-0.252359,0.252359,0.473896
251,lad,done,89,0.032562,0.180449,-0.117464,0.131616,0.382625
251,lcx,done,76,0.052349,0.228798,-0.166345,0.175845,0.560206
251,rca,done,70,0.047582,0.218134,-0.099554,0.135141,0.551724
252,lad,done,84,0.121986,0.349265,-0.323303,0.325898,0.469421
252,lcx,done,97,0.090301,0.300502,-0.126394,0.24028,0.625505
252,rca,done,73,0.036253,0.190403,-0.144381,0.149025,0.322935
265,lad,done,81,0.072382,0.269039,-0.194025,0.200323,0.622471
265,lcx,done,60,0.061616,0.248225,-0.174632,0.184318,0.542216
265,rca,done,76,0.035543,0.188528,-0.115424,0.141807,0.354587
271,lad,done,70,0.045633,0.21362,-0.087514,0.14134,0.472881
271,lcx,done,66,0.033112,0.181966,-0.068081,0.126536,0.346232
271,rca,done,75,0.018963,0.137706,0.026288,0.094638,0.201001
272,lad,done,79,0.113365,0.336697,-0.25073,0.254188,0.726792
272,lcx,done,41,0.116391,0.341162,-0.29445,0.295162,0.641555
272,rca,done,77,0.054998,0.234516,-0.192584,0.192584,0.513909
