group,n,metric,mean,std
all,120,steps_f,50.31667,10.50395
all,120,steps_b,54.14167,20.09531
all,120,seqseg_s,142.83833,40.87947
all,120,eval_s,4.76417,1.27722
all,120,total_s,148.0175,41.48512
all,120,dice,0.33145,0.09259
all,120,cl_dice,0.31105,0.08066
all,120,precision,0.20537,0.0693
all,120,recall,0.93665,0.09428
all,120,f1,0.33145,0.09259
all,120,hd,58.57999,14.27321
all,120,hd95,49.89666,13.42871
all,120,assd,8.66629,2.58157
all,120,chamfer,8.72554,2.58961
all,120,boundary_f1@0.12,0.24546,0.09668
all,120,boundary_precision@0.12,0.14833,0.06806
all,120,boundary_recall@0.12,0.88685,0.12986
all,120,b0_pred,1.03333,0.17951
all,120,b1_pred,0.925,1.83104
all,120,b2_pred,0.05833,0.26758
all,120,b0_gt,1.0,0.0
all,120,b1_gt,0.0,0.0
all,120,b2_gt,0.0,0.0
all,120,b0_err,0.03333,0.17951
all,120,b1_err,0.925,1.83104
all,120,b2_err,0.05833,0.26758
all,120,centerline_md,11.37561,3.83888
all,120,centerline_hd95,53.8377,14.36937
all,120,coverage@1.0mm,0.91692,0.21283
all,120,radius_mae,0.16508,0.07571
all,120,radius_rmse,0.19474,0.07712
all,120,radius_bias,-0.10688,0.12559
all,120,pred_voxels,14759.4,6639.98182
all,120,gt_voxels,3037.16667,1284.52443
LCX,40,steps_f,49.675,13.00651
LCX,40,steps_b,58.425,19.45879
LCX,40,seqseg_s,149.015,38.63313
LCX,40,eval_s,4.6325,1.29042
LCX,40,total_s,154.0775,39.00932
LCX,40,dice,0.29556,0.10169
LCX,40,cl_dice,0.31017,0.10105
LCX,40,precision,0.18052,0.07426
LCX,40,recall,0.90456,0.14229
LCX,40,f1,0.29556,0.10169
LCX,40,hd,55.08566,18.63571
LCX,40,hd95,45.74167,16.94763
LCX,40,assd,8.14107,3.1685
LCX,40,chamfer,8.18891,3.17106
LCX,40,boundary_f1@0.12,0.24298,0.09673
LCX,40,boundary_precision@0.12,0.14609,0.0688
LCX,40,boundary_recall@0.12,0.86258,0.15581
LCX,40,b0_pred,1.0,0.0
LCX,40,b1_pred,0.65,1.08513
LCX,40,b2_pred,0.05,0.21794
LCX,40,b0_gt,1.0,0.0
LCX,40,b1_gt,0.0,0.0
LCX,40,b2_gt,0.0,0.0
LCX,40,b0_err,0.0,0.0
LCX,40,b1_err,0.65,1.08513
LCX,40,b2_err,0.05,0.21794
LCX,40,centerline_md,10.84053,4.97559
LCX,40,centerline_hd95,49.32271,18.87043
LCX,40,coverage@1.0mm,0.86399,0.26892
LCX,40,radius_mae,0.14873,0.05083
LCX,40,radius_rmse,0.18066,0.05451
LCX,40,radius_bias,-0.10279,0.08627
LCX,40,pred_voxels,13827.275,6490.60121
LCX,40,gt_voxels,2504.25,980.98083
LAD,40,steps_f,51.25,9.27833
LAD,40,steps_b,54.45,15.07473
LAD,40,seqseg_s,146.6525,37.43797
LAD,40,eval_s,5.4175,1.28858
LAD,40,total_s,152.47,38.12483
LAD,40,dice,0.318,0.07361
LAD,40,cl_dice,0.29975,0.06547
LAD,40,precision,0.19326,0.05451
LAD,40,recall,0.95991,0.03434
LAD,40,f1,0.318,0.07361
LAD,40,hd,60.10073,10.23871
LAD,40,hd95,50.99815,10.76768
LAD,40,assd,8.4329,2.12029
LAD,40,chamfer,8.49367,2.12135
LAD,40,boundary_f1@0.12,0.24482,0.08305
LAD,40,boundary_precision@0.12,0.14491,0.05676
LAD,40,boundary_recall@0.12,0.92217,0.07009
LAD,40,b0_pred,1.075,0.26339
LAD,40,b1_pred,1.15,2.25333
LAD,40,b2_pred,0.025,0.15612
LAD,40,b0_gt,1.0,0.0
LAD,40,b1_gt,0.0,0.0
LAD,40,b2_gt,0.0,0.0
LAD,40,b0_err,0.075,0.26339
LAD,40,b1_err,1.15,2.25333
LAD,40,b2_err,0.025,0.15612
LAD,40,centerline_md,11.37434,2.93529
LAD,40,centerline_hd95,55.34361,9.97498
LAD,40,coverage@1.0mm,0.95721,0.12829
LAD,40,radius_mae,0.16885,0.07895
LAD,40,radius_rmse,0.20048,0.08005
LAD,40,radius_bias,-0.11482,0.1219
LAD,40,pred_voxels,15167.575,5604.66781
LAD,40,gt_voxels,2907.025,930.20445
RCA,40,steps_f,50.025,8.62406
RCA,40,steps_b,49.55,23.79175
RCA,40,seqseg_s,132.8475,44.34815
RCA,40,eval_s,4.2425,0.92301
RCA,40,total_s,137.505,44.95281
RCA,40,dice,0.38079,0.07783
RCA,40,cl_dice,0.32324,0.06888
RCA,40,precision,0.24233,0.06156
RCA,40,recall,0.94549,0.05991
RCA,40,f1,0.38079,0.07783
RCA,40,hd,60.55359,11.85893
RCA,40,hd95,52.95016,10.48926
RCA,40,assd,9.42492,2.13369
RCA,40,chamfer,9.49404,2.15178
RCA,40,boundary_f1@0.12,0.24858,0.10849
RCA,40,boundary_precision@0.12,0.154,0.07678
RCA,40,boundary_recall@0.12,0.87578,0.13942
RCA,40,b0_pred,1.025,0.15612
RCA,40,b1_pred,0.975,1.91687
RCA,40,b2_pred,0.1,0.37417
RCA,40,b0_gt,1.0,0.0
RCA,40,b1_gt,0.0,0.0
RCA,40,b2_gt,0.0,0.0
RCA,40,b0_err,0.025,0.15612
RCA,40,b1_err,0.975,1.91687
RCA,40,b2_err,0.1,0.37417
RCA,40,centerline_md,11.91196,3.20383
RCA,40,centerline_hd95,56.84678,11.49501
RCA,40,coverage@1.0mm,0.92956,0.20624
RCA,40,radius_mae,0.17767,0.0891
RCA,40,radius_rmse,0.20307,0.09035
RCA,40,radius_bias,-0.10304,0.15786
RCA,40,pred_voxels,15283.35,7577.45888
RCA,40,gt_voxels,3700.225,1543.31525
