scan,vessel,status,ts,steps_f,steps_b,seqseg_s,eval_s,total_s,config,dice,cl_dice,precision,recall,f1,hd,hd95,assd,chamfer,boundary_f1@0.12,boundary_precision@0.12,boundary_recall@0.12,b0_pred,b1_pred,b2_pred,b0_gt,b1_gt,b2_gt,b0_err,b1_err,b2_err,centerline_md,centerline_hd95,coverage@1.0mm,radius_mae,radius_rmse,radius_bias,pred_voxels,gt_voxels,gt_to_pred_max,gt_to_pred_p95
100,lad,done,2026-09-28 21:31:08,-1,-1,0.0,1.7,1.7,,0.712552,0.80597,0.668284,0.763102,0.712552,16.971264,14.362636,1.229396,1.272154,0.60185,0.627699,0.578046,1,0,0,1,0,0,0,0,0,1.747607,15.820263,0.895706,0.24303,0.269246,-0.24253,5360,4694,0.59275,0.318359
100,rca,done,2026-09-28 21:33:46,170,5,152.9,4.1,157.4,global_coro,0.41058,0.326462,0.341586,0.514501,0.41058,43.522726,34.961815,9.159098,9.190211,0.296454,0.272709,0.324727,1,0,0,1,0,0,0,0,0,20.467599,44.324709,0.158974,0.311261,0.34634,-0.311261,10179,6758,33.855233,28.333825
102,lcx,done,2026-09-28 21:35:04,34,35,74.1,2.7,77.3,global_coro_cent0.4,0.778511,0.895028,0.862367,0.709519,0.778511,9.814055,6.404552,0.491774,0.546085,0.688553,0.816973,0.595021,1,0,0,1,0,0,0,0,0,0.842304,8.558463,0.798077,0.208476,0.242367,-0.193507,1504,1828,9.814055,6.404552
100,lcx,done,2026-09-28 21:39:09,228,238,473.4,8.7,482.6,global_coro,0.244478,0.304472,0.141752,0.888016,0.244478,74.84401,71.125819,14.689846,14.722887,0.234521,0.137065,0.811561,1,2,0,1,0,0,0,2,0,24.958543,73.386291,0.232704,0.185541,0.220129,-0.181612,27915,4456,0.636719,0.318359
103,rca,done,2026-09-28 21:39:56,137,213,285.8,5.1,291.3,global_coro,0.491982,0.357143,0.326803,0.99478,0.491982,48.451535,42.987493,7.627505,7.696541,0.30414,0.179736,0.987947,1,0,0,1,0,0,0,0,0,9.19398,46.998997,1.0,0.110241,0.134648,-0.075077,19244,6322,0.318359,0.0
112,lad,done,2026-09-28 21:42:13,50,50,131.7,3.1,135.2,global_coro,0.691045,0.722543,0.565401,0.888487,0.691045,30.832115,26.552874,2.393027,2.426609,0.612033,0.491066,0.812077,1,0,0,1,0,0,0,0,0,3.056951,27.236722,1.0,0.169798,0.199465,-0.157415,5214,3318,0.5,0.308594
102,lad,done,2026-09-28 21:42:37,179,11,201.8,5.2,207.5,global_coro_cent0.4,0.744601,0.728391,0.658777,0.856136,0.744601,22.63388,16.138643,1.467482,1.510554,0.661545,0.600085,0.73703,1,0,0,1,0,0,0,0,0,2.462143,20.141948,0.920354,0.23448,0.285692,-0.229571,8112,6242,2.205852,0.429688
102,rca,done,2026-09-28 21:47:51,221,110,308.5,5.0,314.0,global_coro_cent0.4,0.592379,0.442649,0.446747,0.878876,0.592379,75.031052,72.383038,10.204809,10.238757,0.477248,0.354523,0.729927,1,0,0,1,0,0,0,0,0,15.254374,73.405359,0.776119,0.236939,0.282082,-0.233915,11483,5837,0.60767,0.429688
112,rca,done,2026-09-28 21:48:50,143,237,389.7,6.3,396.4,global_coro,0.563236,0.352941,0.392529,0.996683,0.563236,67.307994,62.11573,10.543043,10.619429,0.281531,0.164046,0.991894,1,1,0,1,0,0,0,1,0,17.380049,63.614524,0.460432,0.081315,0.102498,-0.005135,19140,7538,0.308594,0.0
103,lcx,done,2026-09-28 21:51:47,20,225,230.7,4.0,235.1,global_coro,0.057753,0.036437,0.03118,0.390828,0.057753,69.613625,62.54496,15.874724,15.88605,0.047515,0.025738,0.308756,1,0,0,1,0,0,0,0,0,16.974984,67.136451,0.25,0.184948,0.252807,-0.178,12572,1003,5.755745,5.111943
114,lcx,done,2026-09-28 21:55:56,222,235,419.6,5.0,425.1,global_coro,0.52899,0.320885,0.361643,0.98461,0.52899,52.780664,43.461449,6.811807,6.897828,0.347558,0.211846,0.96709,1,2,0,1,0,0,0,2,0,15.551406,48.455892,0.5,0.104271,0.14022,-0.080513,14683,5393,0.378906,0.0
109,lad,done,2026-09-28 21:59:23,230,230,448.1,6.4,455.0,global_coro,0.589468,0.571827,0.431964,0.927747,0.589468,36.903845,23.620911,3.695544,3.728383,0.500438,0.350451,0.874868,1,0,0,1,0,0,0,0,0,3.923781,27.457903,0.925,0.128766,0.171654,-0.11248,10612,4941,0.508233,0.359375
109,rca,done,2026-09-28 22:02:38,101,86,187.9,6.0,194.4,global_coro,0.64045,0.627586,0.471977,0.995961,0.64045,71.921006,63.532712,7.942482,8.000441,0.472437,0.309975,0.992754,1,0,0,1,0,0,0,0,0,10.760413,65.814782,1.0,0.074735,0.090404,0.002953,9403,4456,0.359375,0.0
124,rca,done,2026-09-28 22:08:35,227,252,456.6,5.1,462.2,global_coro,0.200073,0.20915,0.111165,0.999273,0.200073,66.760946,56.070805,13.292264,13.422625,0.073758,0.038293,0.998915,1,2,0,1,0,0,0,2,0,13.25401,61.959083,1.0,0.179103,0.215637,0.151231,12360,1375,0.318359,0.0
112,lcx,done,2026-09-28 22:08:45,254,108,361.3,4.4,366.2,global_coro,0.229764,0.198386,0.134684,0.781381,0.229764,58.737241,47.040427,11.321194,11.364202,0.153457,0.085997,0.711925,1,1,0,1,0,0,0,1,0,14.720698,52.457257,0.506173,0.124773,0.168645,-0.088918,15206,2621,10.421935,8.236284
103,lad,done,2026-09-28 22:14:24,50,4,67.6,2.9,70.5,global_coro,0.707955,0.80817,0.659623,0.763931,0.707955,8.601597,5.306053,0.6925,0.716676,0.660225,0.634943,0.687604,1,0,0,1,0,0,0,0,0,0.953045,5.815701,0.884892,0.179209,0.209176,-0.174397,3076,2656,4.328576,2.73616
125,lcx,done,2026-09-28 22:14:42,226,138,361.9,4.1,366.5,global_coro,0.233973,0.308316,0.134634,0.892499,0.233973,48.588993,43.920095,9.127027,9.148621,0.246179,0.144754,0.822439,1,0,0,1,0,0,0,0,0,9.988293,43.597475,0.855263,0.203938,0.24542,-0.199121,11223,1693,0.5,0.361328
124,lad,done,2026-09-28 22:15:32,37,4,64.0,3.2,67.2,global_coro,0.708249,0.912548,0.679537,0.739496,0.708249,8.78728,5.344484,0.420044,0.476669,0.601323,0.540673,0.677301,1,0,0,1,0,0,0,0,0,0.5951,5.849245,0.863309,0.163558,0.203793,-0.094377,2590,2380,8.78728,5.344484
109,lcx,done,2026-09-28 22:16:12,8,4,36.3,3.2,39.5,global_coro,0.541231,0.566667,0.889313,0.388982,0.541231,10.557136,9.626547,1.502654,1.527097,0.49457,0.868932,0.345652,1,0,0,1,0,0,0,0,0,2.168054,10.350184,0.413043,0.221829,0.25667,-0.21548,262,599,10.557136,9.626547
114,rca,done,2026-09-28 22:17:11,101,4,116.2,3.2,119.9,global_coro,0.745455,0.860152,0.795208,0.70156,0.745455,9.060496,4.689003,0.457193,0.491108,0.693919,0.767083,0.633497,1,0,0,1,0,0,0,0,0,0.553175,5.618117,0.883212,0.168917,0.220058,-0.13823,1753,1987,9.060496,4.689003
129,lad,done,2026-09-28 22:20:10,224,79,321.2,5.3,327.0,global_coro,0.816504,0.822222,0.737911,0.913834,0.816504,27.328774,16.797234,1.216806,1.247422,0.74289,0.665824,0.840131,1,0,0,1,0,0,0,0,0,1.422191,15.782334,0.914384,0.169809,0.198133,-0.167934,9802,7915,0.527568,0.373047
124,lcx,done,2026-09-28 22:24:50,238,238,454.3,3.5,458.3,global_coro,0.71225,0.860863,0.592644,0.89234,0.71225,9.087834,4.596586,0.473165,0.548012,0.51371,0.364932,0.867293,1,0,0,1,0,0,0,0,0,0.84515,5.660978,0.835979,0.120254,0.146837,0.004111,5818,3864,9.087834,4.596586
129,rca,done,2026-09-28 22:27:52,230,238,456.1,5.4,462.0,global_coro,0.742551,0.477707,0.593658,0.991131,0.742551,52.393692,44.582773,5.206083,5.269059,0.506132,0.341682,0.975758,1,0,0,1,0,0,0,0,0,6.506391,47.966779,1.0,0.153226,0.189275,-0.132586,18071,10824,0.373047,0.0
125,lad,done,2026-09-28 22:28:32,114,107,216.5,4.1,221.1,global_coro,0.80566,0.85037,0.776255,0.837381,0.80566,26.220041,16.115704,1.172309,1.208643,0.717591,0.718226,0.716956,1,0,0,1,0,0,0,0,0,2.805495,20.04281,0.852113,0.20677,0.243558,-0.198358,7151,6629,0.616894,0.361328
125,rca,done,2026-09-28 22:36:02,213,225,443.1,5.8,449.4,global_coro,0.619749,0.480192,0.454748,0.972678,0.619749,55.48225,41.405351,5.641493,5.687855,0.488729,0.3307,0.936012,1,1,0,1,0,0,0,1,0,6.924313,49.021859,0.994872,0.188302,0.233761,-0.180109,22938,10724,0.5,0.361328
138,lcx,done,2026-09-28 22:36:47,241,241,525.2,8.4,534.1,global_coro_cent0.4,0.037224,0.02719,0.019328,0.502555,0.037224,100.617244,97.445955,22.688622,22.708703,0.032929,0.017183,0.393795,1,2,0,1,0,0,0,2,0,27.893036,99.287222,0.232558,0.190741,0.220809,-0.190741,15263,587,10.282866,9.268337
129,lcx,done,2026-09-28 22:39:09,109,51,182.3,3.9,186.7,global_coro,0.588885,0.391892,0.420947,0.979763,0.588885,50.49104,41.705999,5.87979,5.917532,0.435079,0.281986,0.951852,1,0,0,1,0,0,0,0,0,8.713842,47.392849,0.928571,0.172811,0.201132,-0.167628,7476,3212,0.373047,0.0
139,lad,done,2026-09-28 22:40:16,144,56,204.2,3.6,208.3,global_coro,0.734848,0.725888,0.626445,0.888621,0.734848,22.463496,16.28459,1.61671,1.640441,0.67588,0.564299,0.842466,1,0,0,1,0,0,0,0,0,4.314426,18.440336,0.713287,0.143153,0.169064,-0.123817,2942,2074,0.541379,0.382812
138,lad,done,2026-09-28 22:44:03,222,73,285.3,7.3,293.0,global_coro_cent0.4,0.586492,0.552333,0.454143,0.827706,0.586492,60.805193,58.003777,9.296367,9.326115,0.506911,0.408405,0.668041,1,1,0,1,0,0,0,1,0,10.198554,59.98468,1.0,0.294725,0.31997,-0.294725,13117,7197,0.643005,0.404297
139,rca,done,2026-09-28 22:47:20,207,211,416.9,5.8,423.2,global_coro,0.484717,0.368254,0.320163,0.997295,0.484717,77.475249,67.691866,12.579308,12.64635,0.315432,0.187435,0.994703,1,0,0,1,0,0,0,0,0,13.421929,71.767208,1.0,0.075348,0.09513,-0.007987,11516,3697,0.382812,0.0
138,rca,done,2026-09-28 22:49:01,102,210,290.9,6.1,297.5,global_coro_cent0.4,0.685929,0.591549,0.577561,0.844357,0.685929,77.104135,68.065691,8.206378,8.240265,0.579769,0.499898,0.690014,1,0,0,1,0,0,0,0,0,12.368289,71.914414,1.0,0.253668,0.288017,-0.251561,8200,5609,0.643005,0.404297
139,lcx,done,2026-09-28 22:49:43,8,12,38.3,3.2,42.0,global_coro,0.579295,0.875944,0.853896,0.438333,0.579295,2.177446,1.839411,0.305391,0.366429,0.52249,0.850187,0.377129,2,0,0,1,0,0,1,0,0,2.713339,12.300291,0.351351,0.237129,0.265214,-0.237129,308,600,2.177446,1.839411
114,lad,done,2026-09-28 22:51:12,99,4,146.9,4.7,151.6,global_coro,0.786242,0.921095,0.714128,0.874556,0.786242,9.734022,3.317795,0.314733,0.362842,0.736893,0.676699,0.808843,1,0,0,1,0,0,0,0,0,0.336482,0.890543,0.980328,0.233113,0.318793,-0.206499,7234,5907,0.757812,0.378906
14,lcx,done,2026-09-28 22:52:35,238,29,309.0,5.0,314.5,global_coro,0.137054,0.213166,0.07544,0.747889,0.137054,47.803191,40.349823,10.274745,10.297234,0.145493,0.08248,0.616438,1,1,0,1,0,0,0,1,0,9.179857,42.921323,1.0,0.231957,0.271581,-0.223311,16437,1658,0.869922,0.450228
148,lad,done,2026-09-28 22:55:34,89,85,173.8,4.0,178.2,global_coro,0.782732,0.842315,0.704309,0.880807,0.782732,32.002204,23.251921,1.760133,1.785601,0.739003,0.672542,0.82004,1,0,0,1,0,0,0,0,0,2.412879,26.136139,1.0,0.163265,0.196345,-0.160901,4711,3767,0.533092,0.376953
14,lad,done,2026-09-28 22:59:36,230,233,580.9,9.7,591.1,global_coro,0.399256,0.355963,0.250072,0.989644,0.399256,53.996912,48.737843,7.153122,7.292947,0.121479,0.064747,0.981398,1,1,0,1,0,0,0,1,0,8.050206,53.66589,1.0,0.131147,0.156938,0.092655,31335,7918,0.711873,0.0
148,rca,done,2026-09-28 23:00:33,228,105,291.9,5.0,297.3,global_coro,0.483428,0.397101,0.337858,0.849405,0.483428,76.008766,67.37406,11.594829,11.61384,0.407598,0.289961,0.685844,1,0,0,1,0,0,0,0,0,12.51638,74.853607,1.0,0.229514,0.250387,-0.229425,12671,5040,0.5,0.376953
151,lcx,done,2026-09-28 23:04:16,166,70,218.6,4.0,223.1,global_coro,0.674212,0.451939,0.5389,0.900257,0.674212,53.658184,45.994671,5.91353,5.945696,0.530656,0.406794,0.762968,1,0,0,1,0,0,0,0,0,12.396852,50.418082,0.592308,0.256556,0.286185,-0.256016,11054,6617,0.647946,0.412109
173,lad,done,2026-09-28 23:05:47,45,21,85.2,3.6,89.3,global_coro,0.44524,0.561644,0.444991,0.445489,0.44524,38.071166,35.206531,5.504656,5.538578,0.39029,0.356331,0.431404,1,0,0,1,0,0,0,0,0,5.23509,35.653148,0.515924,0.166277,0.2084,-0.111953,4472,4467,38.071166,35.206531
14,rca,done,2026-09-28 23:08:20,227,238,515.2,7.7,523.4,global_coro,0.406465,0.365199,0.255877,0.987805,0.406465,62.342754,43.122691,7.628237,7.770499,0.119621,0.063723,0.974248,1,1,0,1,0,0,0,1,0,8.612607,55.191702,1.0,0.127088,0.152806,0.076016,30073,7790,0.59275,0.0
173,rca,done,2026-09-28 23:13:36,224,260,459.6,8.2,468.3,global_coro,0.393353,0.497537,0.244828,1.0,0.393353,59.970804,49.90179,7.879873,8.027378,0.110432,0.058443,1.0,1,0,0,1,0,0,0,0,0,7.473912,52.182921,1.0,0.176339,0.194028,0.174528,17547,4296,0.0,0.0
148,lcx,done,2026-09-28 23:13:36,223,113,311.4,4.0,315.8,global_coro,0.354667,0.300163,0.220761,0.901465,0.354667,49.383838,40.825984,6.577108,6.594268,0.323541,0.200674,0.834452,1,0,1,1,0,0,0,0,1,9.282073,45.659229,0.901099,0.17182,0.216188,-0.162562,9200,2253,0.5,0.376953
151,lad,done,2026-09-28 23:18:48,218,105,301.7,9.1,311.3,global_coro,0.4969,0.52551,0.346008,0.881177,0.4969,65.085784,52.887015,8.693094,8.716303,0.478769,0.355714,0.731995,1,0,0,1,0,0,0,0,0,8.180576,55.286123,1.0,0.259102,0.287518,-0.258283,22933,9005,0.582811,0.412109
175,lcx,done,2026-09-28 23:19:25,259,8,342.4,5.5,348.3,global_coro,0.118572,0.183206,0.064015,0.802575,0.118572,58.074304,53.477031,14.690846,14.703395,0.136936,0.076152,0.678554,1,11,1,1,0,0,0,11,1,8.723967,48.647764,0.780822,0.185891,0.217237,-0.174328,43818,3495,5.229885,0.59275
151,rca,done,2026-09-28 23:20:25,69,33,92.4,3.7,96.5,global_coro,0.76494,0.706767,0.69275,0.853926,0.76494,49.921012,39.451284,3.767458,3.812241,0.630662,0.617222,0.644701,1,0,0,1,0,0,0,0,0,5.798869,44.86172,1.0,0.310314,0.338896,-0.310314,8869,7195,0.582811,0.412109
173,lcx,done,2026-09-28 23:22:30,84,19,120.3,3.2,124.0,global_coro,0.583962,0.565574,0.432432,0.898974,0.583962,20.306336,15.187415,1.934753,1.968481,0.48551,0.342389,0.83422,1,0,0,1,0,0,0,0,0,3.587454,14.810698,0.704225,0.141022,0.170841,-0.130976,3848,1851,0.59275,0.318359
196,lad,done,2026-09-28 23:23:04,154,49,213.1,4.8,218.4,global_coro,0.806459,0.890434,0.739691,0.886477,0.806459,20.80031,8.6257,0.607328,0.656545,0.699338,0.625832,0.792408,1,0,0,1,0,0,0,0,0,0.300457,0.609191,1.0,0.176318,0.215923,-0.155414,9385,7831,0.869922,0.318359
196,rca,done,2026-09-28 23:29:22,126,251,368.8,7.5,376.7,global_coro,0.464112,0.401813,0.312385,0.902426,0.464112,92.53573,82.420518,15.495071,15.537641,0.337966,0.212946,0.818504,1,0,0,1,0,0,0,0,0,18.200187,84.332802,0.746154,0.166784,0.208453,-0.125947,10836,3751,0.59275,0.318359
175,lad,done,2026-09-28 23:32:54,252,244,614.3,8.2,622.9,global_coro,0.084321,0.159476,0.04551,0.572829,0.084321,75.469224,71.002088,19.531741,19.555223,0.105078,0.058212,0.53908,1,16,0,1,0,0,0,16,0,17.455093,71.688479,0.528205,0.212354,0.251182,-0.199975,53922,4284,22.463682,18.193442
211,lcx,done,2026-09-28 23:39:04,234,234,576.4,5.3,582.1,global_coro,0.12383,0.181139,0.066483,0.901058,0.12383,79.430387,73.27906,20.490103,20.548878,0.101575,0.053917,0.874901,1,2,0,1,0,0,0,2,0,19.430705,76.318248,0.816092,0.079546,0.11367,-0.004463,29451,2173,5.069956,3.0
175,rca,done,2026-09-28 23:40:38,240,273,453.6,9.5,463.5,global_coro,0.375135,0.398849,0.23486,0.93148,0.375135,88.535266,72.813492,16.107736,16.121918,0.369842,0.235099,0.866416,1,2,0,1,0,0,0,2,0,13.872436,83.227497,1.0,0.130925,0.153914,-0.123655,26684,6728,0.5,0.318359
218,lad,done,2026-09-28 23:44:03,215,55,289.9,8.0,298.3,global_coro,0.314992,0.437434,0.195967,0.802259,0.314992,77.295769,68.9111,14.98843,15.009366,0.323282,0.213,0.670372,1,1,0,1,0,0,0,1,0,12.749327,76.656223,1.0,0.20705,0.240105,-0.20358,19937,4870,0.607874,0.345703
218,rca,done,2026-09-28 23:46:56,141,70,167.3,3.9,171.6,global_coro,0.57937,0.423841,0.442015,0.84058,0.57937,42.483846,37.253441,5.688922,5.720452,0.466061,0.361136,0.656924,1,0,0,1,0,0,0,0,0,6.881062,39.260986,1.0,0.28229,0.324072,-0.282098,6036,3174,0.607874,0.345703
244,lcx,done,2026-09-28 23:47:56,26,23,56.2,3.1,59.8,global_coro_cent0.4,0.676734,0.7,0.553668,0.870146,0.676734,19.630678,17.07251,2.08583,2.105147,0.638908,0.531818,0.8,1,0,0,1,0,0,0,0,0,2.578944,17.685474,1.0,0.157347,0.188278,-0.154957,1295,824,0.5,0.396484
196,lcx,done,2026-09-28 23:49:18,237,226,509.5,9.5,519.4,global_coro,0.350265,0.363083,0.215293,0.938841,0.350265,71.832792,67.768435,10.539317,10.597684,0.249242,0.145096,0.883144,1,0,0,1,0,0,0,0,0,13.167044,70.454927,1.0,0.146301,0.186389,-0.108154,24599,5641,0.450228,0.318359
251,lad,done,2026-09-28 23:53:00,219,76,295.1,7.4,302.9,global_coro,0.600736,0.67437,0.457707,0.873786,0.600736,48.618066,35.442578,4.078206,4.113364,0.546568,0.414281,0.802972,1,0,0,1,0,0,0,0,0,2.764087,26.842444,1.0,0.172838,0.20326,-0.164752,13371,7004,0.636719,0.318359
211,lad,done,2026-09-28 23:59:27,214,247,600.1,8.0,608.5,global_coro,0.374954,0.556962,0.23494,0.92801,0.374954,39.326172,19.000965,3.715305,3.756365,0.364789,0.230336,0.876313,1,4,0,1,0,0,0,4,0,1.966143,13.618935,0.92487,0.195599,0.251229,-0.182731,37201,9418,0.603465,0.337891
251,rca,done,2026-09-29 00:00:51,250,227,462.1,7.9,470.4,global_coro,0.178455,0.127619,0.098064,0.990211,0.178455,100.146572,76.207798,20.989507,21.055211,0.108493,0.057436,0.976955,1,6,1,1,0,0,0,6,1,20.361122,93.354939,1.0,0.088785,0.1113,-0.039768,34039,3371,0.318359,0.0
252,lcx,done,2026-09-29 00:05:25,220,63,267.1,6.3,273.8,global_coro,0.187507,0.189802,0.104027,0.949352,0.187507,86.646384,80.708439,12.519849,12.572641,0.15785,0.086351,0.917703,1,0,0,1,0,0,0,0,0,16.912593,86.721107,1.0,0.195336,0.238844,-0.113559,15496,1698,0.351562,0.351562
211,rca,done,2026-09-29 00:08:12,232,225,516.2,7.7,524.3,global_coro,0.240295,0.249258,0.136724,0.991004,0.240295,92.340894,86.354164,21.220691,21.288027,0.167177,0.091372,0.981269,1,4,0,1,0,0,0,4,0,18.973654,87.549535,1.0,0.084797,0.112426,-0.050588,35451,4891,0.47785,0.0
218,lcx,done,2026-09-29 00:11:22,105,85,185.7,3.5,189.6,global_coro,0.603678,0.509284,0.469925,0.843861,0.603678,39.463996,32.055299,4.259056,4.287941,0.503844,0.396271,0.691584,1,0,0,1,0,0,0,0,0,8.819445,36.341438,0.612245,0.244458,0.278353,-0.244458,6567,3657,0.691406,0.345703
244,lad,done,2026-09-29 00:12:51,35,40,84.6,3.0,88.0,global_coro_cent0.4,0.724295,0.71345,0.588569,0.941382,0.724295,24.865954,20.97613,2.058798,2.093289,0.643984,0.49932,0.906667,1,0,0,1,0,0,0,0,0,2.821613,21.815643,1.0,0.133009,0.177877,-0.128633,2292,1433,0.5,0.396484
265,lad,done,2026-09-29 00:15:03,243,260,570.6,6.1,577.1,global_coro,0.285729,0.42522,0.182744,0.654664,0.285729,61.625389,57.311097,10.224795,10.242671,0.30309,0.209212,0.549792,2,1,0,1,0,0,1,1,0,8.669684,57.229094,0.892473,0.218938,0.254166,-0.217331,15322,4277,10.143973,6.009288
244,rca,done,2026-09-29 00:17:04,172,134,246.8,5.2,252.4,global_coro_cent0.4,0.669778,0.579336,0.555297,0.843721,0.669778,60.483476,50.216035,6.168299,6.211101,0.538937,0.48346,0.608796,1,0,0,1,0,0,0,0,0,8.300986,55.654298,1.0,0.334337,0.368353,-0.333273,13310,8760,0.638122,0.396484
251,lcx,done,2026-09-29 00:21:04,14,243,231.0,7.5,238.8,global_coro,0.141327,0.163212,0.07757,0.793632,0.141327,97.133415,92.671674,18.913557,18.924805,0.138506,0.077499,0.650826,1,0,0,1,0,0,0,0,0,21.049916,96.154993,1.0,0.208846,0.246135,-0.207715,17352,1696,0.636719,0.318359
265,rca,done,2026-09-29 00:22:17,233,239,427.4,5.4,433.2,global_coro,0.293822,0.264095,0.177162,0.860366,0.293822,69.303907,61.576382,14.940723,14.958773,0.256346,0.156283,0.712596,1,1,0,1,0,0,0,1,0,13.164773,65.694151,1.0,0.199217,0.23995,-0.195377,17007,3502,0.472325,0.333984
252,lad,done,2026-09-29 00:25:04,146,123,236.0,3.7,240.1,global_coro,0.704458,0.665263,0.592692,0.868173,0.704458,29.69491,20.769871,2.196075,2.225628,0.627963,0.531982,0.766203,1,0,0,1,0,0,0,0,0,2.592105,25.345729,1.0,0.251276,0.327247,-0.244244,6678,4559,0.703125,0.351562
252,rca,done,2026-09-29 00:27:12,69,60,123.2,3.6,127.2,global_coro,0.46118,0.2849,0.304142,0.953496,0.46118,80.437314,73.788637,12.7588,12.790564,0.338457,0.209322,0.88352,1,0,0,1,0,0,0,0,0,18.515954,77.965527,1.0,0.198195,0.248563,-0.186753,9101,2903,0.5,0.351562
271,lcx,done,2026-09-29 00:28:08,145,214,342.3,8.0,350.7,global_coro,0.161943,0.118206,0.092476,0.650872,0.161943,92.248856,86.102098,17.848465,17.898373,0.093379,0.050694,0.590992,1,1,0,1,0,0,0,1,0,26.541072,89.316806,0.475,0.098835,0.13839,-0.039582,18567,2638,23.201945,19.54765
272,lad,done,2026-09-29 00:29:24,44,22,71.9,2.7,75.0,global_coro,0.813403,0.965126,0.854903,0.775745,0.813403,4.348669,2.255612,0.233576,0.28025,0.721889,0.833541,0.636615,1,0,0,1,0,0,0,0,0,0.303505,0.508518,0.965714,0.222167,0.266276,-0.206058,4018,4428,4.348669,0.608987
272,rca,done,2026-09-29 00:35:08,214,250,336.6,6.0,343.0,global_coro,0.570811,0.325301,0.420723,0.88737,0.570811,69.036288,62.012342,10.385823,10.412625,0.429473,0.313678,0.680787,1,0,0,1,0,0,0,0,0,17.368616,65.413125,0.582524,0.28968,0.309375,-0.28968,18202,8630,0.608987,0.347656
265,lcx,done,2026-09-29 00:37:04,244,250,585.2,5.7,591.3,global_coro,0.182297,0.225186,0.10143,0.899239,0.182297,73.783279,58.449815,9.136364,9.166877,0.171483,0.095432,0.844413,1,4,0,1,0,0,0,4,0,11.164629,67.366757,0.933333,0.171844,0.202482,-0.16227,19797,2233,0.667969,0.333984
273,lcx,done,2026-09-29 00:41:58,131,232,402.3,7.1,409.8,global_coro,0.311054,0.248837,0.187888,0.902984,0.311054,92.000425,77.526306,14.2796,14.299405,0.263055,0.158259,0.778685,1,1,0,1,0,0,0,1,0,16.715551,90.67892,1.0,0.218438,0.244653,-0.218249,23035,4793,0.625,0.375
271,lad,done,2026-09-29 00:43:37,270,271,387.8,3.5,391.7,global_coro,0.755823,0.789381,0.66551,0.874497,0.755823,17.860689,11.816629,1.103961,1.126591,0.693648,0.60338,0.815675,1,0,0,1,0,0,0,0,0,1.374586,12.372112,1.0,0.153845,0.175259,-0.144329,4900,3729,0.5,0.318359
274,lad,done,2026-09-29 00:45:24,118,79,200.3,4.2,204.9,global_coro,0.642886,0.6139,0.490046,0.934274,0.642886,51.29056,46.750577,5.929546,5.983403,0.484458,0.334217,0.880085,1,0,0,1,0,0,0,0,0,7.166212,47.500437,1.0,0.122916,0.157369,-0.073391,8238,4321,0.472325,0.333984
271,rca,done,2026-09-29 00:45:37,57,53,115.6,3.7,119.6,global_coro,0.41174,0.386667,0.259239,1.0,0.41174,58.094123,49.979538,8.740751,8.830747,0.20705,0.11548,1.0,1,0,0,1,0,0,0,0,0,11.069024,53.107176,1.0,0.070819,0.0972,0.044327,7495,1943,0.0,0.0
272,lcx,done,2026-09-29 00:46:04,9,5,22.9,2.3,25.5,global_coro,0.656271,0.792233,0.843206,0.537181,0.656271,4.55235,3.17506,0.372819,0.428634,0.514949,0.824519,0.374384,2,0,0,1,0,0,1,0,0,1.92045,8.267738,0.306122,0.332131,0.361973,-0.331325,574,901,4.55235,3.17506
274,rca,done,2026-09-29 00:50:41,157,142,312.5,3.8,316.8,global_coro,0.654575,0.693208,0.489729,0.986707,0.654575,38.748012,31.701239,3.65943,3.710555,0.511723,0.346577,0.977517,1,0,0,1,0,0,0,0,0,4.419862,35.228644,1.0,0.108875,0.1367,-0.021389,6669,3310,0.333984,0.0
280,lcx,no_mask,2026-09-29 00:51:37,4,4,52.0,,,global_coro,,,,,,,,,,,,,,,,,,,,,,,,,,,,,,,
273,lad,done,2026-09-29 00:53:25,125,247,432.1,7.7,440.3,global_coro,0.384703,0.461983,0.251879,0.813894,0.384703,69.260491,66.603092,10.3767,10.401438,0.37339,0.259448,0.665782,1,2,0,1,0,0,0,2,0,10.911497,69.081582,1.0,0.29165,0.325223,-0.290586,22884,7082,0.838525,0.375
273,rca,done,2026-09-29 00:55:16,60,37,107.4,2.9,110.7,global_coro,0.566507,0.502029,0.457782,0.742963,0.566507,27.841347,25.095754,3.418109,3.439848,0.494556,0.397657,0.653895,1,0,0,1,0,0,0,0,0,4.770143,25.966624,0.773585,0.215631,0.242544,-0.215631,2191,1350,5.100551,3.952254
274,lcx,done,2026-09-29 00:57:19,58,36,119.1,3.2,122.7,global_coro,0.394698,0.456621,0.248551,0.957998,0.394698,47.477692,42.668883,6.892013,6.977799,0.242096,0.138942,0.939891,1,0,0,1,0,0,0,0,0,8.324081,43.092799,0.910714,0.145871,0.193424,0.001579,4313,1119,0.834375,0.333984
280,lad,done,2026-09-29 00:58:55,41,36,90.4,3.9,94.7,global_coro,0.745393,0.756194,0.869748,0.65215,0.745393,39.695699,34.273468,3.259986,3.294109,0.658062,0.838544,0.541512,1,0,0,1,0,0,0,0,0,4.822574,37.423474,0.602564,0.203032,0.233394,-0.198203,4046,5396,39.695699,34.273468
280,rca,done,2026-09-29 01:06:57,212,224,475.7,5.4,481.6,global_coro,0.59311,0.511561,0.455616,0.849457,0.59311,36.850835,30.24875,5.287814,5.317549,0.492436,0.39936,0.642081,1,0,0,1,0,0,0,0,0,5.062466,31.628529,1.0,0.249923,0.278567,-0.249481,17326,9293,0.5,0.335938
284,lcx,done,2026-09-29 01:08:08,46,10,66.5,3.1,70.0,global_coro,0.728648,0.773066,0.687912,0.774513,0.728648,13.814148,9.920826,0.898175,0.954921,0.590335,0.516082,0.689546,1,1,0,1,0,0,0,1,0,1.538072,11.423299,0.649254,0.146965,0.178726,-0.108087,3640,3233,13.814148,9.920826
3,lad,done,2026-09-29 01:09:33,58,14,80.3,3.1,83.8,global_coro,0.824879,0.902062,0.826646,0.82312,0.824879,13.531972,6.512647,0.467216,0.507416,0.730897,0.776522,0.690335,1,0,0,1,0,0,0,0,0,0.753914,8.850903,1.0,0.215062,0.245915,-0.212271,4436,4455,0.510995,0.361328
284,lad,done,2026-09-29 01:10:00,319,281,1098.1,4.3,1102.8,global_coro,0.079652,0.110518,0.042578,0.61618,0.079652,43.232909,33.720336,7.989525,8.021039,0.073111,0.03911,0.559676,1,26,1,1,0,0,0,26,1,10.838981,38.693317,0.472868,0.188868,0.2322,-0.183219,40608,2806,6.803424,5.433391
3,rca,done,2026-09-29 01:17:10,235,242,451.7,4.7,456.8,global_coro,0.346331,0.213256,0.218287,0.837727,0.346331,66.871627,53.982073,12.342917,12.367454,0.259889,0.167162,0.583649,1,1,0,1,0,0,0,1,0,12.494844,64.06741,1.0,0.315743,0.340479,-0.315572,18636,4856,0.510995,0.361328
284,rca,done,2026-09-29 01:18:46,231,246,519.0,6.1,525.5,global_coro,0.357542,0.316168,0.217722,0.999273,0.357542,59.427269,52.886976,11.094558,11.227095,0.12937,0.069166,0.998444,1,2,0,1,0,0,0,2,0,9.65805,54.413397,1.0,0.095577,0.116625,0.04991,25257,5503,0.365234,0.0
30,lcx,done,2026-09-29 01:19:16,47,55,121.9,3.1,125.4,global_coro,0.484529,0.550725,0.335325,0.872947,0.484529,35.410363,31.937835,4.772935,4.799116,0.436281,0.299542,0.802721,1,0,0,1,0,0,0,0,0,5.959527,30.629659,0.789474,0.18702,0.218905,-0.171165,3012,1157,0.703125,0.351562
300,lad,done,2026-09-29 01:22:30,90,89,189.0,3.2,192.6,global_coro,0.825235,0.957317,0.812004,0.838906,0.825235,4.02535,1.91476,0.175287,0.215742,0.761007,0.781524,0.74154,1,0,0,1,0,0,0,0,0,0.29719,1.350126,0.993631,0.19061,0.226498,-0.187502,3399,3290,0.627352,0.378906
3,lcx,done,2026-09-29 01:27:00,224,214,485.1,7.5,493.0,global_coro,0.388393,0.458515,0.247849,0.897096,0.388393,62.44459,59.50669,10.94139,10.987803,0.347497,0.219577,0.832473,2,2,0,1,0,0,1,2,0,12.550258,60.7495,0.990476,0.159001,0.192073,-0.119733,17200,4752,0.510995,0.361328
300,rca,done,2026-09-29 01:29:28,224,232,410.7,6.1,417.2,global_coro,0.515713,0.370016,0.352358,0.961447,0.515713,81.778409,66.194219,10.242285,10.296234,0.363712,0.226829,0.917212,1,0,0,1,0,0,0,0,0,12.89744,74.692972,1.0,0.14882,0.179114,-0.100289,12598,4617,0.5,0.378906
306,lcx,done,2026-09-29 01:34:39,226,50,304.4,5.7,310.5,global_coro,0.268624,0.232704,0.156647,0.941985,0.268624,63.051754,53.272411,12.032173,12.062987,0.234753,0.135354,0.883737,1,0,0,1,0,0,0,0,0,14.033803,57.431955,1.0,0.152845,0.180995,-0.140679,17932,2982,0.505471,0.357422
30,lad,done,2026-09-29 01:36:08,8,316,542.3,4.9,547.6,global_coro,0.056878,0.185567,0.029565,0.746827,0.056878,45.62092,34.584964,7.977155,7.986282,0.089039,0.047723,0.663248,1,18,0,1,0,0,0,18,0,14.051358,40.628524,0.198276,0.199209,0.227833,-0.194559,39811,1576,0.703125,0.351562
316,lad,done,2026-09-29 01:36:19,55,38,95.0,2.9,98.3,global_coro,0.776068,0.944099,0.748249,0.806036,0.776068,6.224576,2.692728,0.241053,0.283781,0.71441,0.701202,0.728125,1,0,0,1,0,0,0,0,0,0.416718,2.392201,1.0,0.190477,0.228742,-0.177091,2427,2253,0.621502,0.369141
30,rca,done,2026-09-29 01:40:55,161,134,279.8,6.1,286.3,global_coro,0.758841,0.474053,0.616241,0.987307,0.758841,63.504324,49.796659,5.727933,5.775245,0.554529,0.389194,0.964087,1,0,0,1,0,0,0,0,0,8.347108,52.132311,1.0,0.159962,0.188813,-0.157389,21206,13236,0.351562,0.0
300,lcx,done,2026-09-29 01:41:35,12,12,35.9,2.9,39.2,global_coro,0.8098,0.925862,0.920821,0.72267,0.8098,2.639668,1.069378,0.148551,0.194263,0.709825,0.88866,0.590909,1,0,0,1,0,0,0,0,0,0.427788,1.950698,0.9,0.220245,0.243051,-0.219602,682,869,2.639668,1.069378
306,lad,done,2026-09-29 01:41:44,-1,-1,0.0,7.7,7.7,,0.257719,0.261605,0.1652,0.585775,0.257719,70.364373,65.634345,14.562944,14.590406,0.227999,0.145882,0.521614,1,7,1,1,0,0,0,7,1,21.015494,69.482967,0.469055,0.192383,0.227819,-0.174144,31707,8942,58.779535,54.381269
316,rca,done,2026-09-29 01:45:36,238,243,550.2,5.6,556.2,global_coro,0.143772,0.081871,0.077454,1.0,0.143772,84.675315,66.537848,17.080431,17.24922,0.023624,0.011953,1.0,1,8,0,1,0,0,0,8,0,19.386818,79.629616,0.526316,0.127232,0.147059,0.104774,27384,2121,0.0,0.0
306,rca,done,2026-09-29 01:46:40,215,55,290.1,5.3,295.8,global_coro,0.241865,0.236246,0.141607,0.828312,0.241865,59.751406,54.421456,14.951829,14.971472,0.217198,0.130843,0.638794,1,1,0,1,0,0,0,1,0,13.544968,49.982131,1.0,0.267835,0.304381,-0.267048,18057,3087,0.505471,0.357422
324,lcx,done,2026-09-29 01:47:41,42,60,120.9,3.4,124.7,global_coro,0.812281,0.850174,0.730284,0.91502,0.812281,15.646389,12.465316,0.849608,0.887135,0.71872,0.630318,0.835964,1,0,0,1,0,0,0,0,0,1.204154,12.576483,1.0,0.148427,0.172434,-0.147518,5072,4048,0.714844,0.357422
316,lcx,done,2026-09-29 01:49:21,76,70,156.9,2.9,160.2,global_coro,0.451951,0.389262,0.291949,1.0,0.451951,28.912147,24.56235,4.283008,4.373959,0.261429,0.15037,1.0,1,0,0,1,0,0,0,0,0,9.165871,25.826435,0.344828,0.09742,0.118618,0.050837,3987,1164,0.0,0.0
328,lad,done,2026-09-29 01:50:12,71,64,146.4,3.4,150.3,global_coro,0.798278,0.873051,0.780952,0.816389,0.798278,16.076498,10.922036,0.740438,0.779586,0.699915,0.728571,0.673427,1,0,0,1,0,0,0,0,0,1.107943,13.045053,1.0,0.25121,0.28572,-0.249593,5460,5223,0.707031,0.353516
324,lad,done,2026-09-29 01:52:23,126,34,177.7,3.3,181.4,global_coro,0.589477,0.591045,0.441671,0.885969,0.589477,21.497708,18.489741,2.532483,2.561034,0.532579,0.393738,0.822668,1,0,0,1,0,0,0,0,0,3.456991,19.785394,1.0,0.177463,0.206397,-0.176993,4046,2017,0.614614,0.357422
328,rca,done,2026-09-29 01:53:07,90,64,167.8,5.8,174.0,global_coro,0.676675,0.537102,0.524724,0.952503,0.676675,65.653653,57.882017,7.822524,7.854924,0.560241,0.412266,0.873919,1,0,0,1,0,0,0,0,0,10.030102,59.571159,1.0,0.201543,0.225252,-0.200472,18383,10127,0.353516,0.353516
324,rca,done,2026-09-29 01:59:57,222,230,445.7,7.3,453.4,global_coro,0.70515,0.475943,0.554906,0.966959,0.70515,74.286068,63.050655,8.523303,8.564757,0.533113,0.3773,0.908155,1,0,0,1,0,0,0,0,0,11.231964,69.730647,1.0,0.202669,0.251775,-0.190202,23258,13347,0.505471,0.357422
328,lcx,done,2026-09-29 02:01:26,35,30,84.0,2.9,87.3,global_coro,0.572862,0.644444,0.416693,0.91626,0.572862,32.533341,28.475144,3.779456,3.832666,0.476507,0.329676,0.859155,1,0,0,1,0,0,0,0,0,4.453664,29.664022,1.0,0.181437,0.213883,-0.101437,3151,1433,0.353516,0.353516
335,lcx,done,2026-09-29 02:02:20,246,225,547.9,4.7,553.0,global_coro,0.351508,0.405579,0.216182,0.939812,0.351508,43.751897,37.738965,6.806966,6.844103,0.311215,0.189464,0.870795,2,2,0,1,0,0,1,2,0,3.053898,24.579562,0.880435,0.163429,0.195749,-0.149775,31492,7244,0.5,0.34375
335,lad,done,2026-09-29 02:05:58,66,213,268.5,2.9,271.8,global_coro,0.79792,0.851259,0.738999,0.867051,0.79792,20.450588,14.173931,1.006225,1.042685,0.706454,0.653367,0.768932,1,0,0,1,0,0,0,0,0,1.467565,15.166467,1.0,0.169255,0.205588,-0.159627,5295,4513,0.697372,0.34375
341,lad,done,2026-09-29 02:06:40,212,34,255.3,3.6,259.3,global_coro,0.667073,0.607477,0.544099,0.861865,0.667073,21.622655,17.358466,2.237484,2.268913,0.572091,0.474985,0.719107,1,0,0,1,0,0,0,0,0,3.593727,17.507163,0.818653,0.250367,0.280821,-0.248829,12075,7623,0.672834,0.318359
335,rca,done,2026-09-29 02:12:55,217,244,405.3,11.0,416.7,global_coro,0.54306,0.294636,0.375349,0.981694,0.54306,103.262375,80.371936,14.003586,14.042576,0.353647,0.217293,0.949422,1,0,0,1,0,0,0,0,0,24.773711,79.79335,0.479769,0.141493,0.170826,-0.135401,31861,12182,0.486136,0.34375
341,rca,done,2026-09-29 02:13:26,223,228,396.9,7.8,405.1,global_coro,0.670735,0.451537,0.548069,0.864144,0.670735,63.602423,42.663786,5.656367,5.689521,0.503189,0.430577,0.605259,1,0,0,1,0,0,0,0,0,8.101509,57.827658,1.0,0.316422,0.337314,-0.316422,26670,16915,0.672834,0.318359
342,lcx,done,2026-09-29 02:14:15,25,18,45.7,2.2,48.3,global_coro,0.684643,0.740741,0.530852,0.963889,0.684643,18.64952,15.903442,1.663752,1.695149,0.623127,0.465041,0.944046,1,0,0,1,0,0,0,0,0,1.942927,15.06543,1.0,0.118626,0.145662,-0.090515,1961,1080,0.318359,0.318359
341,lcx,done,2026-09-29 02:14:30,55,52,91.4,2.5,94.3,global_coro,0.681818,0.702682,0.870968,0.560166,0.681818,25.734342,21.400284,2.412621,2.456811,0.549365,0.801948,0.41778,1,0,0,1,0,0,0,0,0,3.424594,23.507322,0.552632,0.206751,0.249846,-0.199667,2015,3133,25.734342,21.400284
354,lad,done,2026-09-29 02:16:18,56,46,117.9,3.8,122.1,global_coro,0.775338,0.932331,0.673761,0.912979,0.775338,6.542007,3.785618,0.331308,0.370421,0.74105,0.651754,0.8587,1,0,0,1,0,0,0,0,0,0.423288,2.962243,1.0,0.156419,0.188387,-0.132707,5450,4022,0.497184,0.351562
342,lad,done,2026-09-29 02:18:16,191,63,220.1,4.1,224.6,global_coro,0.671362,0.614634,0.526995,0.924672,0.671362,28.647372,20.083461,2.4799,2.511625,0.570271,0.425752,0.863322,1,0,0,1,0,0,0,0,0,3.33062,17.179222,0.829787,0.144047,0.181862,-0.129618,9224,5257,0.450228,0.318359
354,rca,done,2026-09-29 02:21:20,237,99,297.7,3.2,301.3,global_coro,0.404805,0.273063,0.261596,0.894489,0.404805,59.181944,54.220092,9.039743,9.069632,0.309099,0.192271,0.787755,1,1,0,1,0,0,0,1,0,12.515862,55.733499,1.0,0.305964,0.348167,-0.305964,5088,1488,0.497184,0.351562
342,rca,done,2026-09-29 02:24:23,221,221,361.3,4.5,366.1,global_coro,0.409877,0.203267,0.258176,0.993851,0.409877,86.489047,81.641746,15.050619,15.101329,0.238578,0.135717,0.985474,1,0,0,1,0,0,0,0,0,34.947441,83.808955,0.0,0.108343,0.144131,-0.093341,11895,3090,0.318359,0.0
354,lcx,done,2026-09-29 02:32:26,210,210,478.2,4.5,483.1,global_coro,0.187171,0.29414,0.115772,0.48834,0.187171,66.859357,61.664826,12.101787,12.118587,0.211274,0.137834,0.452221,1,2,0,1,0,0,0,2,0,15.516251,64.969889,0.478632,0.237785,0.263399,-0.237785,9225,2187,18.916168,16.1855
280,lcx,no_mask,2026-09-29 07:12:15,4,4,45.6,,,global_coro,,,,,,,,,,,,,,,,,,,,,,,,,,,,,,,
280,lcx,no_mask,2026-09-29 07:13:19,,,,,,,,,,,,,,,,,,,,,,,,,,,,,,,,,,,,,
