scan,vessel,status,steps_f,steps_b,seqseg_s,eval_s,total_s,config
100,lad,done,None,None,None,2.3,2.3,None
100,rca,done,170,5,152.9,4.8,158.2,global_coro
102,lcx,done,34,35,74.1,3.3,78.0,global_coro_cent0.4
103,lad,started,None,None,None,None,0.4,None
103,rca,done,137,213,285.8,5.7,291.9,global_coro
109,lcx,started,None,None,None,None,0.5,None
112,lad,done,50,50,131.7,3.6,135.8,global_coro
112,rca,done,143,237,389.7,7.0,397.3,global_coro
114,lcx,done,222,235,419.6,5.6,425.8,global_coro
124,lad,done,37,4,59.6,235.9,296.1,global_coro
124,rca,done,227,252,456.6,5.7,462.9,global_coro
125,lcx,done,226,138,361.9,4.8,367.2,global_coro
129,lad,done,224,79,321.2,5.9,327.8,global_coro
129,rca,done,230,238,456.1,6.0,462.7,global_coro
138,lcx,done,241,241,525.2,9.0,534.7,global_coro_cent0.4
139,lad,done,144,56,204.2,4.2,209.0,global_coro
139,rca,done,207,211,416.9,6.4,423.9,global_coro
14,lcx,done,238,29,309.0,5.6,315.2,global_coro
148,lad,done,89,85,173.8,4.9,179.2,global_coro
148,rca,done,228,105,291.9,5.6,298.0,global_coro
151,lcx,done,166,70,218.6,5.1,224.3,global_coro
173,lad,done,45,21,85.2,4.2,90.0,global_coro
173,rca,done,224,260,459.6,8.8,469.0,global_coro
175,lcx,done,259,8,342.4,6.1,349.1,global_coro
196,lad,done,154,49,213.1,5.5,219.2,global_coro
196,rca,done,126,251,368.8,8.1,377.4,global_coro
211,lcx,done,234,234,576.4,5.9,582.8,global_coro
218,lad,done,215,55,289.9,8.6,299.0,global_coro
218,rca,done,141,70,167.3,4.5,172.2,global_coro
244,lcx,done,26,23,56.2,3.7,60.5,global_coro_cent0.4
251,lad,done,219,76,295.1,7.9,303.5,global_coro
251,rca,done,250,227,462.1,8.5,471.1,global_coro
252,lcx,done,220,63,267.1,6.9,274.5,global_coro
265,lad,done,243,260,570.6,6.7,577.8,global_coro
265,rca,done,233,239,427.4,6.0,433.9,global_coro
271,lcx,done,145,214,342.3,8.6,351.3,global_coro
272,lad,done,44,22,71.9,3.3,75.7,global_coro
272,rca,done,214,250,336.6,6.6,343.6,global_coro
273,lcx,done,131,232,402.3,7.7,410.6,global_coro
274,lad,done,118,79,200.3,4.8,205.7,global_coro
274,rca,done,157,142,312.5,4.4,317.4,global_coro
280,lcx,eval_error,4,4,52.0,2.7,55.1,global_coro
284,lad,done,319,281,1098.1,4.8,1103.5,global_coro
284,rca,done,231,246,519.0,6.8,526.4,global_coro
3,lcx,done,224,214,485.1,8.1,493.8,global_coro
30,lad,done,8,316,542.3,5.5,548.3,global_coro
30,rca,done,161,134,279.8,6.7,287.0,global_coro
300,lcx,done,12,12,35.9,3.5,40.0,global_coro
306,lad,done,None,None,None,8.2,8.4,None
306,rca,done,215,55,290.1,6.0,296.6,global_coro
316,lcx,done,76,70,156.9,3.4,160.9,global_coro
324,lad,done,126,34,177.7,3.9,182.1,global_coro
324,rca,done,222,230,445.7,8.0,454.3,global_coro
328,lcx,done,35,30,84.0,3.7,88.2,global_coro
335,lad,done,66,213,268.5,3.4,272.4,global_coro
335,rca,done,217,244,405.3,11.6,417.3,global_coro
341,lcx,done,55,52,91.4,3.1,95.0,global_coro
342,lad,done,191,63,220.1,4.7,225.3,global_coro
342,rca,done,221,221,361.3,5.1,366.8,global_coro
354,lcx,done,210,210,478.2,5.1,483.7,global_coro
